--
-- PostgreSQL database dump
--

\restrict Otzjh3wKwPaaCKkH2k190tp3hgWvrqzJfzJTBvFhuHCwyofB3hh6Y9CPZewXX8J

-- Dumped from database version 17.6
-- Dumped by pg_dump version 17.9 (Ubuntu 17.9-1.pgdg24.04+1)

SET statement_timeout = 0;
SET lock_timeout = 0;
SET idle_in_transaction_session_timeout = 0;
SET transaction_timeout = 0;
SET client_encoding = 'UTF8';
SET standard_conforming_strings = on;
SELECT pg_catalog.set_config('search_path', '', false);
SET check_function_bodies = false;
SET xmloption = content;
SET client_min_messages = warning;
SET row_security = off;

--
-- Data for Name: Category; Type: TABLE DATA; Schema: public; Owner: -
--

COPY "public"."Category" ("id", "name", "createdAt", "updatedAt") FROM stdin;
1	Makanan	2026-04-20 09:49:42.428	2026-04-20 09:49:42.428
2	Minuman	2026-04-20 09:49:42.428	2026-04-20 09:49:42.428
3	Tambahan	2026-04-20 09:49:42.428	2026-04-20 09:49:42.428
\.


--
-- Data for Name: Product; Type: TABLE DATA; Schema: public; Owner: -
--

COPY "public"."Product" ("id", "name", "description", "price", "image", "isAvailable", "categoryId", "createdAt", "updatedAt") FROM stdin;
d952ef9d-c5a4-4c5b-af88-0264be713100	Nasi Goreng	\N	12000.00	\N	t	1	2026-04-20 09:49:54.321	2026-04-20 09:49:54.321
e5ee3b78-1bdb-4eb9-ac68-40c181ad80ad	Nasi Mawut	\N	12000.00	\N	t	1	2026-04-20 09:49:54.321	2026-04-20 09:49:54.321
6641fb46-c43c-43e2-be2b-49e96f15963b	Nasi Mie Godog	\N	12000.00	\N	t	1	2026-04-20 09:49:54.321	2026-04-20 09:49:54.321
b4ecf77f-2700-4251-aaab-b2e5b6d43a43	Sop Sayur	\N	12000.00	\N	t	1	2026-04-20 09:49:54.321	2026-04-20 09:49:54.321
65f3a54f-f6e6-4a68-8944-f8ae17679609	Mie Goreng	\N	12000.00	\N	t	1	2026-04-20 09:49:54.321	2026-04-20 09:49:54.321
7b665859-3e5f-4c15-9577-088e8da75977	Mie Kuah	\N	12000.00	\N	t	1	2026-04-20 09:49:54.321	2026-04-20 09:49:54.321
37d09618-d64e-4f43-9cdd-831d73d37df0	Mie Nyemek	\N	12000.00	\N	t	1	2026-04-20 09:49:54.321	2026-04-20 09:49:54.321
0defbad8-d841-4e95-a811-9355271951a0	Es Jeruk	\N	4000.00	\N	t	2	2026-04-20 09:49:54.321	2026-04-20 09:49:54.321
7097335c-d2eb-4cc8-8a47-a1ec0f6b6bd6	Es Teh	\N	4000.00	\N	t	2	2026-04-20 09:49:54.321	2026-04-20 09:49:54.321
df44f68f-eecc-4bb7-bc64-a268606541bf	Teh Hangat	\N	4000.00	\N	t	2	2026-04-20 09:49:54.321	2026-04-20 09:49:54.321
ab451486-becf-49bf-bcba-7152c369caf0	Es Strup	\N	4000.00	\N	t	2	2026-04-20 09:49:54.321	2026-04-20 09:49:54.321
e44f6ade-11e0-4d38-b987-615c53ae4400	Strup Hangat	\N	4000.00	\N	t	2	2026-04-20 09:49:54.321	2026-04-20 09:49:54.321
2201befb-d03b-432b-8faf-83f442b7d3b2	Jeruk Hangat	\N	4000.00	\N	t	2	2026-04-20 09:49:54.321	2026-04-20 09:49:54.321
3e867b42-3522-4bf5-b296-3d7b80517d3b	Telur	Tambahan Telur	3000.00	\N	t	3	2026-04-20 09:49:54.321	2026-04-20 09:49:54.321
ae35a958-9393-4359-a40c-0bc869b26331	Krupuk	Tambahan Krupuk	1000.00	\N	t	3	2026-04-20 09:49:54.321	2026-04-20 09:49:54.321
ac33d84e-d717-4aac-87aa-a42b2f13b765	Aqua		1000.00		t	2	2026-04-20 12:48:43.06	2026-04-20 12:48:43.06
\.


--
-- Data for Name: StoreConfig; Type: TABLE DATA; Schema: public; Owner: -
--

COPY "public"."StoreConfig" ("id", "name", "address", "phone", "updatedAt", "logoUrl") FROM stdin;
1	Mie Jawa Melati	Jl. Melati gg:3 No21	081232835687	2026-04-20 11:58:30.028	
\.


--
-- Data for Name: Transaction; Type: TABLE DATA; Schema: public; Owner: -
--

COPY "public"."Transaction" ("id", "invoiceNumber", "date", "totalAmount", "paymentMethod", "paidAmount", "change", "isSynced", "createdAt", "updatedAt", "deletedAt") FROM stdin;
bd0b807b-91a8-4da2-b382-3fb73cc812c2	INV-20260420-5299	2026-04-20 11:43:11.905	42000.00	CASH	50000.00	8000.00	t	2026-04-20 11:43:13.771	2026-04-20 11:57:45.247	2026-04-20 11:57:45.245
bd4f6e57-2c56-4860-b750-57104786872c	INV-20260420-5019	2026-04-20 11:54:06.602	333000.00	QRIS	333000.00	0.00	t	2026-04-20 11:54:08.17	2026-04-20 12:00:34.298	2026-04-20 12:00:34.298
34a4d7c9-06ae-4f84-9915-6f99b89c284e	INV-20260420-6220	2026-04-20 11:50:54.18	154000.00	CASH	300000.00	146000.00	t	2026-04-20 11:50:55.295	2026-04-20 12:00:45.665	2026-04-20 12:00:45.665
d6ea2f9d-6b76-4d2c-9bf1-fbc2c08d763e	INV-20260420-8423	2026-04-20 11:46:07.146	267000.00	CASH	300000.00	33000.00	t	2026-04-20 11:47:59.294	2026-04-20 12:00:50.101	2026-04-20 12:00:50.1
e79b69eb-7e5a-4f0f-812b-f1e6b0e6f861	INV-20260420-4098	2026-04-20 12:05:32.795	3200000.00	CASH	4000000.00	800000.00	t	2026-04-20 12:05:34.413	2026-04-20 12:18:35.089	2026-04-20 12:18:35.089
844bb067-99e5-4b0c-8eba-eeaba85c93c4	INV-20260420-1584	2026-04-20 12:14:12.57	4000.00	QRIS	4000.00	0.00	t	2026-04-20 12:14:14.092	2026-04-20 12:18:39.287	2026-04-20 12:18:39.287
1b12ec34-b55d-4753-85d9-f8dd5d2ccadd	INV-20260420-8217	2026-04-20 12:19:00.065	4000.00	QRIS	4000.00	0.00	t	2026-04-20 12:19:00.72	2026-04-20 12:19:23.03	2026-04-20 12:19:23.028
b88fb74b-a312-4d9e-8b3a-1f4840cbbac9	INV-20260420-9466	2026-04-20 12:42:12.328	112000.00	CASH	200000.00	88000.00	t	2026-04-20 12:42:14.266	2026-04-20 12:42:14.266	\N
4c204515-b426-4f62-8347-6cb4fee66d42	INV-20260420-7298	2026-04-20 12:42:53.587	12000.00	QRIS	12000.00	0.00	t	2026-04-20 12:42:55.125	2026-04-20 12:42:55.125	\N
7c37553b-2c59-442f-a34c-41d7eb17cc29	INV-20260420-1859	2026-04-20 12:44:14.55	24000.00	QRIS	24000.00	0.00	t	2026-04-20 12:44:15.795	2026-04-20 12:44:15.795	\N
f3f33d68-2a67-42f1-b2eb-cbfaaa51a056	INV-20260420-2565	2026-04-20 12:45:11.057	24000.00	QRIS	24000.00	0.00	t	2026-04-20 12:45:12.116	2026-04-20 12:45:12.116	\N
9dfc4044-9c10-472a-ab6f-fca704cefb7a	INV-20260420-7389	2026-04-20 12:58:56.465	544000.00	QRIS	544000.00	0.00	t	2026-04-20 12:58:57.742	2026-04-20 12:58:57.742	\N
9897ca04-cda4-47c4-83dd-3e00d05f5560	INV-20260420-6298	2026-04-20 13:00:14.17	276000.00	QRIS	276000.00	0.00	t	2026-04-20 13:00:15.866	2026-04-20 13:00:15.866	\N
\.


--
-- Data for Name: TransactionItem; Type: TABLE DATA; Schema: public; Owner: -
--

COPY "public"."TransactionItem" ("id", "transactionId", "productId", "productName", "quantity", "unitPrice", "subTotal", "note") FROM stdin;
cf9c2065-ab81-433c-a5b6-cfe0c4cfcac0	bd0b807b-91a8-4da2-b382-3fb73cc812c2	65f3a54f-f6e6-4a68-8944-f8ae17679609	Mie Goreng	1	12000.00	12000.00	Bungkus
705b2f48-f429-4db1-b8c7-52c13bed9f63	bd0b807b-91a8-4da2-b382-3fb73cc812c2	65f3a54f-f6e6-4a68-8944-f8ae17679609	Mie Goreng	2	12000.00	24000.00	Pedas, Bungkus
72aa7813-bcbb-49f8-b592-c4da5c082c26	bd0b807b-91a8-4da2-b382-3fb73cc812c2	3e867b42-3522-4bf5-b296-3d7b80517d3b	Telur	2	3000.00	6000.00	\N
729b7dfb-235d-43aa-96fd-9b116cbee77b	d6ea2f9d-6b76-4d2c-9bf1-fbc2c08d763e	65f3a54f-f6e6-4a68-8944-f8ae17679609	Mie Goreng	20	12000.00	240000.00	Kuah Sedikit, Pedas Banget, Sambal Extra
45d182e2-1d29-46df-8f77-6fb5fc7608eb	d6ea2f9d-6b76-4d2c-9bf1-fbc2c08d763e	0defbad8-d841-4e95-a811-9355271951a0	Es Jeruk	2	4000.00	8000.00	Tanpa Gula
e20291db-e36f-471d-8520-e26dd027a577	d6ea2f9d-6b76-4d2c-9bf1-fbc2c08d763e	3e867b42-3522-4bf5-b296-3d7b80517d3b	Telur	5	3000.00	15000.00	\N
7b0d8e1f-7801-4d1d-86f9-bc03765466d6	d6ea2f9d-6b76-4d2c-9bf1-fbc2c08d763e	ae35a958-9393-4359-a40c-0bc869b26331	Krupuk	4	1000.00	4000.00	\N
583e3a13-3d91-4764-becc-178f3970a600	34a4d7c9-06ae-4f84-9915-6f99b89c284e	65f3a54f-f6e6-4a68-8944-f8ae17679609	Mie Goreng	1	12000.00	12000.00	Tidak Pedas, Bungkus
9ec3dcc2-ae99-45b0-8719-a2511da145fb	34a4d7c9-06ae-4f84-9915-6f99b89c284e	7b665859-3e5f-4c15-9577-088e8da75977	Mie Kuah	1	12000.00	12000.00	Bungkus, Tidak Pedas
8589f728-c0fe-4977-8faf-b56965429cda	34a4d7c9-06ae-4f84-9915-6f99b89c284e	37d09618-d64e-4f43-9cdd-831d73d37df0	Mie Nyemek	1	12000.00	12000.00	Bungkus, Tidak Pedas
7b0b54f9-5a62-4875-aa5f-366fdce11a91	34a4d7c9-06ae-4f84-9915-6f99b89c284e	d952ef9d-c5a4-4c5b-af88-0264be713100	Nasi Goreng	1	12000.00	12000.00	Bungkus, Tidak Pedas
789b12b4-1a32-4119-ada7-883ab6b7de07	34a4d7c9-06ae-4f84-9915-6f99b89c284e	e5ee3b78-1bdb-4eb9-ac68-40c181ad80ad	Nasi Mawut	1	12000.00	12000.00	Bungkus, Tidak Pedas
e7739b41-736e-4ad2-8779-52e45752aabf	34a4d7c9-06ae-4f84-9915-6f99b89c284e	6641fb46-c43c-43e2-be2b-49e96f15963b	Nasi Mie Godog	1	12000.00	12000.00	\N
fcc7e851-77e6-4e45-bdb1-5b0b73a28818	34a4d7c9-06ae-4f84-9915-6f99b89c284e	b4ecf77f-2700-4251-aaab-b2e5b6d43a43	Sop Sayur	1	12000.00	12000.00	\N
36c7ea5a-c4f7-4889-9932-9f9053ad7f06	34a4d7c9-06ae-4f84-9915-6f99b89c284e	7097335c-d2eb-4cc8-8a47-a1ec0f6b6bd6	Es Teh	13	4000.00	52000.00	\N
a7c6e37c-1b41-41b0-98ad-ecd2ba8dd711	34a4d7c9-06ae-4f84-9915-6f99b89c284e	ae35a958-9393-4359-a40c-0bc869b26331	Krupuk	3	1000.00	3000.00	\N
b902a8f1-a587-4213-bab8-e69baf66d995	34a4d7c9-06ae-4f84-9915-6f99b89c284e	3e867b42-3522-4bf5-b296-3d7b80517d3b	Telur	5	3000.00	15000.00	\N
397bd2ea-2580-4fb4-aebb-2a7180167111	bd4f6e57-2c56-4860-b750-57104786872c	0defbad8-d841-4e95-a811-9355271951a0	Es Jeruk	29	4000.00	116000.00	\N
24186f2f-f756-4f13-925e-7a0127976654	bd4f6e57-2c56-4860-b750-57104786872c	ab451486-becf-49bf-bcba-7152c369caf0	Es Strup	11	4000.00	44000.00	\N
9e267c14-488d-408c-8356-24bc5f56fdc7	bd4f6e57-2c56-4860-b750-57104786872c	7097335c-d2eb-4cc8-8a47-a1ec0f6b6bd6	Es Teh	4	4000.00	16000.00	\N
959cc7af-3e27-40b1-8877-bd7d8ee024e8	bd4f6e57-2c56-4860-b750-57104786872c	2201befb-d03b-432b-8faf-83f442b7d3b2	Jeruk Hangat	3	4000.00	12000.00	\N
645fb428-475a-4899-b47c-f3f8f9639c96	bd4f6e57-2c56-4860-b750-57104786872c	ae35a958-9393-4359-a40c-0bc869b26331	Krupuk	1	1000.00	1000.00	\N
f9ea63f7-e62d-4a19-9ba7-55b413cfa5bb	bd4f6e57-2c56-4860-b750-57104786872c	65f3a54f-f6e6-4a68-8944-f8ae17679609	Mie Goreng	2	12000.00	24000.00	\N
23f2c52a-cb7a-4d92-b261-8694f7799282	bd4f6e57-2c56-4860-b750-57104786872c	7b665859-3e5f-4c15-9577-088e8da75977	Mie Kuah	2	12000.00	24000.00	\N
1e2ec495-0f09-4bc9-a0a0-40792402fe65	bd4f6e57-2c56-4860-b750-57104786872c	37d09618-d64e-4f43-9cdd-831d73d37df0	Mie Nyemek	2	12000.00	24000.00	\N
4ca0af93-b94f-4d46-a4aa-6f56421ac6b1	bd4f6e57-2c56-4860-b750-57104786872c	d952ef9d-c5a4-4c5b-af88-0264be713100	Nasi Goreng	3	12000.00	36000.00	\N
de4098fe-ba1b-49aa-bbcd-735a917a0a78	bd4f6e57-2c56-4860-b750-57104786872c	e5ee3b78-1bdb-4eb9-ac68-40c181ad80ad	Nasi Mawut	3	12000.00	36000.00	\N
972f6d3a-986e-4dbc-a787-03a2233d4d2b	e79b69eb-7e5a-4f0f-812b-f1e6b0e6f861	65f3a54f-f6e6-4a68-8944-f8ae17679609	Mie Goreng	100	12000.00	1200000.00	\N
c1730a2f-b075-401c-9f51-080b7cf9cc18	e79b69eb-7e5a-4f0f-812b-f1e6b0e6f861	0defbad8-d841-4e95-a811-9355271951a0	Es Jeruk	500	4000.00	2000000.00	\N
c5e76ea8-3063-4ce4-8235-6fbb98cbfd9a	844bb067-99e5-4b0c-8eba-eeaba85c93c4	ab451486-becf-49bf-bcba-7152c369caf0	Es Strup	1	4000.00	4000.00	\N
c2e72572-eb6d-453b-98ab-53bf6a96b3c8	1b12ec34-b55d-4753-85d9-f8dd5d2ccadd	0defbad8-d841-4e95-a811-9355271951a0	Es Jeruk	1	4000.00	4000.00	\N
4b2ff265-f050-4cbd-9060-d29a749523cb	b88fb74b-a312-4d9e-8b3a-1f4840cbbac9	0defbad8-d841-4e95-a811-9355271951a0	Es Jeruk	7	4000.00	28000.00	\N
7729b60b-313c-4f75-a65b-75d7f493ebb3	b88fb74b-a312-4d9e-8b3a-1f4840cbbac9	7b665859-3e5f-4c15-9577-088e8da75977	Mie Kuah	2	12000.00	24000.00	\N
0d1c39e4-96fa-42ca-b0d2-deb2efecdc25	b88fb74b-a312-4d9e-8b3a-1f4840cbbac9	65f3a54f-f6e6-4a68-8944-f8ae17679609	Mie Goreng	2	12000.00	24000.00	\N
420260c5-8ba3-4bbc-a187-6cc1901b9c39	b88fb74b-a312-4d9e-8b3a-1f4840cbbac9	d952ef9d-c5a4-4c5b-af88-0264be713100	Nasi Goreng	1	12000.00	12000.00	\N
eb9eb042-3838-445c-b24f-6c91a4ee38d9	b88fb74b-a312-4d9e-8b3a-1f4840cbbac9	e5ee3b78-1bdb-4eb9-ac68-40c181ad80ad	Nasi Mawut	1	12000.00	12000.00	\N
e564bfeb-f507-40d2-a61b-ad5b4e7227dc	b88fb74b-a312-4d9e-8b3a-1f4840cbbac9	6641fb46-c43c-43e2-be2b-49e96f15963b	Nasi Mie Godog	1	12000.00	12000.00	\N
edad55c8-9118-4670-b7d8-6c28ac78e5cd	4c204515-b426-4f62-8347-6cb4fee66d42	65f3a54f-f6e6-4a68-8944-f8ae17679609	Mie Goreng	1	12000.00	12000.00	\N
77ada81d-1e46-4492-881c-12e9eb61f2aa	7c37553b-2c59-442f-a34c-41d7eb17cc29	37d09618-d64e-4f43-9cdd-831d73d37df0	Mie Nyemek	2	12000.00	24000.00	\N
b2c3be2e-5064-472d-806e-dec845f77f70	f3f33d68-2a67-42f1-b2eb-cbfaaa51a056	37d09618-d64e-4f43-9cdd-831d73d37df0	Mie Nyemek	2	12000.00	24000.00	\N
bb76d53a-3f3a-4326-880e-4882941b0dc9	9dfc4044-9c10-472a-ab6f-fca704cefb7a	65f3a54f-f6e6-4a68-8944-f8ae17679609	Mie Goreng	35	12000.00	420000.00	\N
b2a6a70e-2754-4d6e-b7e0-971891a98441	9dfc4044-9c10-472a-ab6f-fca704cefb7a	0defbad8-d841-4e95-a811-9355271951a0	Es Jeruk	31	4000.00	124000.00	\N
dc69e644-64b9-4e2b-b20c-a5acd1d658a4	9897ca04-cda4-47c4-83dd-3e00d05f5560	65f3a54f-f6e6-4a68-8944-f8ae17679609	Mie Goreng	9	12000.00	108000.00	\N
8fbb16ea-1e1f-4b74-a726-8e7a7a7c2d2d	9897ca04-cda4-47c4-83dd-3e00d05f5560	0defbad8-d841-4e95-a811-9355271951a0	Es Jeruk	42	4000.00	168000.00	\N
\.


--
-- Name: Category_id_seq; Type: SEQUENCE SET; Schema: public; Owner: -
--

SELECT pg_catalog.setval('"public"."Category_id_seq"', 3, true);


--
-- PostgreSQL database dump complete
--

\unrestrict Otzjh3wKwPaaCKkH2k190tp3hgWvrqzJfzJTBvFhuHCwyofB3hh6Y9CPZewXX8J

