--
-- PostgreSQL database dump
--

\restrict kLcfyRintoeOgv1R3hmvfYL0dFpRsthcEayUr9vdwZG58UEHV1YMDDioJ6v9hP8

-- Dumped from database version 17.6
-- Dumped by pg_dump version 17.9 (Ubuntu 17.9-1.pgdg24.04+1)

SET statement_timeout = 0;
SET lock_timeout = 0;
SET idle_in_transaction_session_timeout = 0;
SET transaction_timeout = 0;
SET client_encoding = 'UTF8';
SET standard_conforming_strings = on;
SELECT pg_catalog.set_config('search_path', '', false);
SET check_function_bodies = false;
SET xmloption = content;
SET client_min_messages = warning;
SET row_security = off;

--
-- Data for Name: Category; Type: TABLE DATA; Schema: public; Owner: -
--

COPY "public"."Category" ("id", "name", "createdAt", "updatedAt") FROM stdin;
1	Makanan	2026-04-20 09:49:42.428	2026-04-20 09:49:42.428
2	Minuman	2026-04-20 09:49:42.428	2026-04-20 09:49:42.428
3	Tambahan	2026-04-20 09:49:42.428	2026-04-20 09:49:42.428
\.


--
-- Data for Name: Product; Type: TABLE DATA; Schema: public; Owner: -
--

COPY "public"."Product" ("id", "name", "description", "price", "image", "isAvailable", "categoryId", "createdAt", "updatedAt") FROM stdin;
d952ef9d-c5a4-4c5b-af88-0264be713100	Nasi Goreng	\N	12000.00	\N	t	1	2026-04-20 09:49:54.321	2026-04-20 09:49:54.321
e5ee3b78-1bdb-4eb9-ac68-40c181ad80ad	Nasi Mawut	\N	12000.00	\N	t	1	2026-04-20 09:49:54.321	2026-04-20 09:49:54.321
6641fb46-c43c-43e2-be2b-49e96f15963b	Nasi Mie Godog	\N	12000.00	\N	t	1	2026-04-20 09:49:54.321	2026-04-20 09:49:54.321
b4ecf77f-2700-4251-aaab-b2e5b6d43a43	Sop Sayur	\N	12000.00	\N	t	1	2026-04-20 09:49:54.321	2026-04-20 09:49:54.321
65f3a54f-f6e6-4a68-8944-f8ae17679609	Mie Goreng	\N	12000.00	\N	t	1	2026-04-20 09:49:54.321	2026-04-20 09:49:54.321
7b665859-3e5f-4c15-9577-088e8da75977	Mie Kuah	\N	12000.00	\N	t	1	2026-04-20 09:49:54.321	2026-04-20 09:49:54.321
37d09618-d64e-4f43-9cdd-831d73d37df0	Mie Nyemek	\N	12000.00	\N	t	1	2026-04-20 09:49:54.321	2026-04-20 09:49:54.321
0defbad8-d841-4e95-a811-9355271951a0	Es Jeruk	\N	4000.00	\N	t	2	2026-04-20 09:49:54.321	2026-04-20 09:49:54.321
7097335c-d2eb-4cc8-8a47-a1ec0f6b6bd6	Es Teh	\N	4000.00	\N	t	2	2026-04-20 09:49:54.321	2026-04-20 09:49:54.321
df44f68f-eecc-4bb7-bc64-a268606541bf	Teh Hangat	\N	4000.00	\N	t	2	2026-04-20 09:49:54.321	2026-04-20 09:49:54.321
ab451486-becf-49bf-bcba-7152c369caf0	Es Strup	\N	4000.00	\N	t	2	2026-04-20 09:49:54.321	2026-04-20 09:49:54.321
e44f6ade-11e0-4d38-b987-615c53ae4400	Strup Hangat	\N	4000.00	\N	t	2	2026-04-20 09:49:54.321	2026-04-20 09:49:54.321
2201befb-d03b-432b-8faf-83f442b7d3b2	Jeruk Hangat	\N	4000.00	\N	t	2	2026-04-20 09:49:54.321	2026-04-20 09:49:54.321
3e867b42-3522-4bf5-b296-3d7b80517d3b	Telur	Tambahan Telur	3000.00	\N	t	3	2026-04-20 09:49:54.321	2026-04-20 09:49:54.321
ae35a958-9393-4359-a40c-0bc869b26331	Krupuk	Tambahan Krupuk	1000.00	\N	t	3	2026-04-20 09:49:54.321	2026-04-20 09:49:54.321
ac33d84e-d717-4aac-87aa-a42b2f13b765	Aqua		1000.00		t	2	2026-04-20 12:48:43.06	2026-04-20 12:48:43.06
\.


--
-- Data for Name: StoreConfig; Type: TABLE DATA; Schema: public; Owner: -
--

COPY "public"."StoreConfig" ("id", "name", "address", "phone", "updatedAt", "logoUrl") FROM stdin;
1	Mie Jawa Melati	Jl. Melati Gang 3 No.21	081232835687	2026-04-21 11:04:27.89	
\.


--
-- Data for Name: Transaction; Type: TABLE DATA; Schema: public; Owner: -
--

COPY "public"."Transaction" ("id", "invoiceNumber", "date", "totalAmount", "paymentMethod", "paidAmount", "change", "isSynced", "createdAt", "updatedAt", "deletedAt") FROM stdin;
bd0b807b-91a8-4da2-b382-3fb73cc812c2	INV-20260420-5299	2026-04-20 11:43:11.905	42000.00	CASH	50000.00	8000.00	t	2026-04-20 11:43:13.771	2026-04-20 11:57:45.247	2026-04-20 11:57:45.245
bd4f6e57-2c56-4860-b750-57104786872c	INV-20260420-5019	2026-04-20 11:54:06.602	333000.00	QRIS	333000.00	0.00	t	2026-04-20 11:54:08.17	2026-04-20 12:00:34.298	2026-04-20 12:00:34.298
34a4d7c9-06ae-4f84-9915-6f99b89c284e	INV-20260420-6220	2026-04-20 11:50:54.18	154000.00	CASH	300000.00	146000.00	t	2026-04-20 11:50:55.295	2026-04-20 12:00:45.665	2026-04-20 12:00:45.665
d6ea2f9d-6b76-4d2c-9bf1-fbc2c08d763e	INV-20260420-8423	2026-04-20 11:46:07.146	267000.00	CASH	300000.00	33000.00	t	2026-04-20 11:47:59.294	2026-04-20 12:00:50.101	2026-04-20 12:00:50.1
e79b69eb-7e5a-4f0f-812b-f1e6b0e6f861	INV-20260420-4098	2026-04-20 12:05:32.795	3200000.00	CASH	4000000.00	800000.00	t	2026-04-20 12:05:34.413	2026-04-20 12:18:35.089	2026-04-20 12:18:35.089
844bb067-99e5-4b0c-8eba-eeaba85c93c4	INV-20260420-1584	2026-04-20 12:14:12.57	4000.00	QRIS	4000.00	0.00	t	2026-04-20 12:14:14.092	2026-04-20 12:18:39.287	2026-04-20 12:18:39.287
1b12ec34-b55d-4753-85d9-f8dd5d2ccadd	INV-20260420-8217	2026-04-20 12:19:00.065	4000.00	QRIS	4000.00	0.00	t	2026-04-20 12:19:00.72	2026-04-20 12:19:23.03	2026-04-20 12:19:23.028
0b42b103-5093-452b-8454-68d9ad254c1c	INV-20260421-7188	2026-04-21 04:54:49.134	28000.00	QRIS	28000.00	0.00	t	2026-04-21 04:54:45.026	2026-04-21 05:53:51.762	2026-04-21 05:53:51.756
d63bdfde-14ea-41ae-9509-44b640b86352	INV-20260421-6679	2026-04-21 04:52:58.116	48000.00	CASH	50000.00	2000.00	t	2026-04-21 04:52:53.935	2026-04-21 05:54:10.563	2026-04-21 05:54:10.563
b88fb74b-a312-4d9e-8b3a-1f4840cbbac9	INV-20260420-9466	2026-04-20 12:42:12.328	112000.00	CASH	200000.00	88000.00	t	2026-04-20 12:42:14.266	2026-04-21 11:00:11.768	2026-04-21 11:00:11.761
4c204515-b426-4f62-8347-6cb4fee66d42	INV-20260420-7298	2026-04-20 12:42:53.587	12000.00	QRIS	12000.00	0.00	t	2026-04-20 12:42:55.125	2026-04-21 11:00:15.33	2026-04-21 11:00:15.329
9897ca04-cda4-47c4-83dd-3e00d05f5560	INV-20260420-6298	2026-04-20 13:00:14.17	276000.00	QRIS	276000.00	0.00	t	2026-04-20 13:00:15.866	2026-04-21 11:00:19.678	2026-04-21 11:00:19.678
9dfc4044-9c10-472a-ab6f-fca704cefb7a	INV-20260420-7389	2026-04-20 12:58:56.465	544000.00	QRIS	544000.00	0.00	t	2026-04-20 12:58:57.742	2026-04-21 11:00:23.6	2026-04-21 11:00:23.6
f3f33d68-2a67-42f1-b2eb-cbfaaa51a056	INV-20260420-2565	2026-04-20 12:45:11.057	24000.00	QRIS	24000.00	0.00	t	2026-04-20 12:45:12.116	2026-04-21 11:00:27.556	2026-04-21 11:00:27.556
7c37553b-2c59-442f-a34c-41d7eb17cc29	INV-20260420-1859	2026-04-20 12:44:14.55	24000.00	QRIS	24000.00	0.00	t	2026-04-20 12:44:15.795	2026-04-21 11:00:32.087	2026-04-21 11:00:32.087
2f45dc8a-3702-4265-b892-63429ad661da	INV-20260421-3623	2026-04-21 11:14:00.225	24000.00	QRIS	24000.00	0.00	t	2026-04-21 11:14:01.723	2026-04-21 11:14:01.723	\N
2637f1bf-1fed-475e-9e68-b5d60a5871fa	INV-20260421-6786	2026-04-21 11:15:47.801	48000.00	CASH	50000.00	2000.00	t	2026-04-21 11:15:49.382	2026-04-21 11:15:49.382	\N
52f11bee-5b26-42a9-98da-530de1014ab4	INV-20260421-4815	2026-04-21 11:24:00.733	60000.00	QRIS	60000.00	0.00	t	2026-04-21 11:24:02.612	2026-04-21 11:25:00.832	2026-04-21 11:25:00.83
5f9c3a94-3c5a-4aab-a9b9-f3b369ccd16e	INV-20260421-2445	2026-04-21 11:27:32.709	36000.00	CASH	36000.00	0.00	t	2026-04-21 11:27:34.462	2026-04-21 11:27:34.462	\N
2d91bcee-dc27-480f-8536-963802a51fa6	INV-20260421-7140	2026-04-21 11:28:27.415	24000.00	CASH	24000.00	0.00	t	2026-04-21 11:28:29.068	2026-04-21 11:28:29.068	\N
51f3f4bc-7f74-42ca-a0ba-2fd7f3dadb3e	INV-20260421-9383	2026-04-21 12:08:28.436	27000.00	CASH	27000.00	0.00	t	2026-04-21 12:08:31.429	2026-04-21 12:08:31.429	\N
e8bcc7c6-7704-494d-9bae-c8a29037d54f	INV-20260421-7843	2026-04-21 15:53:13.48	60000.00	QRIS	60000.00	0.00	t	2026-04-21 15:53:15.114	2026-04-21 15:53:15.114	\N
d0e00582-f485-4003-a03c-6f168bfd132e	INV-20260421-5492	2026-04-21 15:53:50.507	12000.00	QRIS	12000.00	0.00	t	2026-04-21 15:53:51.997	2026-04-21 15:53:51.997	\N
edb5a220-dc58-4a14-a957-02445de4b5fe	INV-20260421-1032	2026-04-21 15:54:22.641	36000.00	CASH	36000.00	0.00	t	2026-04-21 15:54:24.381	2026-04-21 15:54:24.381	\N
80cea3ef-4426-4cec-b4aa-c8a4fac49aa1	INV-20260421-5567	2026-04-21 15:54:39.676	12000.00	CASH	15000.00	3000.00	t	2026-04-21 15:54:41.238	2026-04-21 15:54:41.238	\N
7074e3e5-fecf-4563-8910-ec55b1b82e05	INV-20260421-1678	2026-04-21 15:56:07.11	24000.00	CASH	24000.00	0.00	t	2026-04-21 15:56:08.724	2026-04-21 15:56:08.724	\N
909dc6e5-257d-4cf5-bb26-2e2127a3c966	INV-20260421-4384	2026-04-21 15:56:42.244	39000.00	QRIS	39000.00	0.00	t	2026-04-21 15:56:43.79	2026-04-21 15:56:43.79	\N
db32824c-b7b5-4928-ab37-800d85e0e305	INV-20260421-4706	2026-04-21 15:57:16.194	36000.00	TRANSFER	36000.00	0.00	t	2026-04-21 15:57:17.659	2026-04-21 15:57:17.659	\N
9805ef51-494d-4f40-9575-ceec87901ed7	INV-20260421-9100	2026-04-21 15:57:43.595	30000.00	CASH	50000.00	20000.00	t	2026-04-21 15:57:44.638	2026-04-21 15:57:44.638	\N
2a004bf5-89f6-4ce0-a040-3f0db76ced9a	INV-20260421-3214	2026-04-21 15:58:29.424	38000.00	CASH	40000.00	2000.00	t	2026-04-21 15:58:31.135	2026-04-21 15:58:31.135	\N
e41a269d-0d02-4ec3-b15b-91ce6a70accd	INV-20260421-9078	2026-04-21 15:59:06.477	60000.00	QRIS	60000.00	0.00	t	2026-04-21 15:59:07.554	2026-04-21 15:59:07.554	\N
1855c7ed-42b6-4e19-9b2e-c23ddcf34819	INV-20260421-7101	2026-04-21 16:02:38.863	8000.00	CASH	10000.00	2000.00	t	2026-04-21 16:02:40.388	2026-04-21 16:02:40.388	\N
d702345f-9fd3-489e-8e07-19bc2974f094	INV-20260421-8535	2026-04-21 16:02:54.657	16000.00	CASH	20000.00	4000.00	t	2026-04-21 16:02:56.213	2026-04-21 16:02:56.213	\N
ee182b84-badf-4be4-82f8-7fc614183eab	INV-20260421-4535	2026-04-21 16:03:27.644	60000.00	CASH	100000.00	40000.00	t	2026-04-21 16:03:29.161	2026-04-21 16:03:29.161	\N
be8189c4-5038-4165-b782-8875c606695a	INV-20260421-2486	2026-04-21 16:03:44.316	14000.00	QRIS	14000.00	0.00	t	2026-04-21 16:03:45.81	2026-04-21 16:03:45.81	\N
20367783-7604-4a29-a6da-babe1c456ccd	INV-20260422-6564	2026-04-22 10:45:29.2	36000.00	QRIS	36000.00	0.00	t	2026-04-22 10:45:30.894	2026-04-22 10:45:30.894	\N
48969fc0-8bcd-4466-8189-0b22282adf89	INV-20260422-4392	2026-04-22 14:56:27.888	36000.00	CASH	50000.00	14000.00	t	2026-04-22 14:56:29.713	2026-04-22 14:56:29.713	\N
cd4e5d56-853b-4260-a054-609e11bc3519	INV-20260422-5152	2026-04-22 14:57:22.698	60000.00	QRIS	60000.00	0.00	t	2026-04-22 14:57:24.213	2026-04-22 14:57:24.213	\N
47f03149-1c91-4284-98ad-9ef1c8a19e23	INV-20260422-5043	2026-04-22 14:57:48.248	53000.00	QRIS	53000.00	0.00	t	2026-04-22 14:57:49.754	2026-04-22 14:57:49.754	\N
231ac87f-eefd-4694-9b45-eefc32a7945b	INV-20260422-1825	2026-04-22 14:58:05.623	13000.00	CASH	15000.00	2000.00	t	2026-04-22 14:58:07.058	2026-04-22 14:58:07.058	\N
6b8c93a1-c496-450e-a675-0bfd673babbc	INV-20260422-3028	2026-04-22 14:59:15.319	65000.00	TRANSFER	65000.00	0.00	t	2026-04-22 14:59:16.45	2026-04-22 14:59:16.45	\N
0677624b-132a-4ccc-9d3b-7a76f90ecc48	INV-20260422-6091	2026-04-22 14:59:48.182	17000.00	CASH	20000.00	3000.00	t	2026-04-22 14:59:49.179	2026-04-22 14:59:49.179	\N
7ec49681-070c-4498-86e0-d006be7ef7db	INV-20260422-9680	2026-04-22 15:00:21.102	27000.00	CASH	30000.00	3000.00	t	2026-04-22 15:00:22.763	2026-04-22 15:00:22.763	\N
a1e49071-3576-41a4-8a08-8be57a93e16a	INV-20260422-3754	2026-04-22 15:00:36.857	24000.00	QRIS	24000.00	0.00	t	2026-04-22 15:00:38.366	2026-04-22 15:00:38.366	\N
70d9a03f-91df-4f9a-a88f-d72a6be90a15	INV-20260422-3049	2026-04-22 15:00:57.694	60000.00	TRANSFER	60000.00	0.00	t	2026-04-22 15:00:59.173	2026-04-22 15:00:59.173	\N
\.


--
-- Data for Name: TransactionItem; Type: TABLE DATA; Schema: public; Owner: -
--

COPY "public"."TransactionItem" ("id", "transactionId", "productId", "productName", "quantity", "unitPrice", "subTotal", "note") FROM stdin;
cf9c2065-ab81-433c-a5b6-cfe0c4cfcac0	bd0b807b-91a8-4da2-b382-3fb73cc812c2	65f3a54f-f6e6-4a68-8944-f8ae17679609	Mie Goreng	1	12000.00	12000.00	Bungkus
705b2f48-f429-4db1-b8c7-52c13bed9f63	bd0b807b-91a8-4da2-b382-3fb73cc812c2	65f3a54f-f6e6-4a68-8944-f8ae17679609	Mie Goreng	2	12000.00	24000.00	Pedas, Bungkus
72aa7813-bcbb-49f8-b592-c4da5c082c26	bd0b807b-91a8-4da2-b382-3fb73cc812c2	3e867b42-3522-4bf5-b296-3d7b80517d3b	Telur	2	3000.00	6000.00	\N
729b7dfb-235d-43aa-96fd-9b116cbee77b	d6ea2f9d-6b76-4d2c-9bf1-fbc2c08d763e	65f3a54f-f6e6-4a68-8944-f8ae17679609	Mie Goreng	20	12000.00	240000.00	Kuah Sedikit, Pedas Banget, Sambal Extra
45d182e2-1d29-46df-8f77-6fb5fc7608eb	d6ea2f9d-6b76-4d2c-9bf1-fbc2c08d763e	0defbad8-d841-4e95-a811-9355271951a0	Es Jeruk	2	4000.00	8000.00	Tanpa Gula
e20291db-e36f-471d-8520-e26dd027a577	d6ea2f9d-6b76-4d2c-9bf1-fbc2c08d763e	3e867b42-3522-4bf5-b296-3d7b80517d3b	Telur	5	3000.00	15000.00	\N
7b0d8e1f-7801-4d1d-86f9-bc03765466d6	d6ea2f9d-6b76-4d2c-9bf1-fbc2c08d763e	ae35a958-9393-4359-a40c-0bc869b26331	Krupuk	4	1000.00	4000.00	\N
583e3a13-3d91-4764-becc-178f3970a600	34a4d7c9-06ae-4f84-9915-6f99b89c284e	65f3a54f-f6e6-4a68-8944-f8ae17679609	Mie Goreng	1	12000.00	12000.00	Tidak Pedas, Bungkus
9ec3dcc2-ae99-45b0-8719-a2511da145fb	34a4d7c9-06ae-4f84-9915-6f99b89c284e	7b665859-3e5f-4c15-9577-088e8da75977	Mie Kuah	1	12000.00	12000.00	Bungkus, Tidak Pedas
8589f728-c0fe-4977-8faf-b56965429cda	34a4d7c9-06ae-4f84-9915-6f99b89c284e	37d09618-d64e-4f43-9cdd-831d73d37df0	Mie Nyemek	1	12000.00	12000.00	Bungkus, Tidak Pedas
7b0b54f9-5a62-4875-aa5f-366fdce11a91	34a4d7c9-06ae-4f84-9915-6f99b89c284e	d952ef9d-c5a4-4c5b-af88-0264be713100	Nasi Goreng	1	12000.00	12000.00	Bungkus, Tidak Pedas
789b12b4-1a32-4119-ada7-883ab6b7de07	34a4d7c9-06ae-4f84-9915-6f99b89c284e	e5ee3b78-1bdb-4eb9-ac68-40c181ad80ad	Nasi Mawut	1	12000.00	12000.00	Bungkus, Tidak Pedas
e7739b41-736e-4ad2-8779-52e45752aabf	34a4d7c9-06ae-4f84-9915-6f99b89c284e	6641fb46-c43c-43e2-be2b-49e96f15963b	Nasi Mie Godog	1	12000.00	12000.00	\N
fcc7e851-77e6-4e45-bdb1-5b0b73a28818	34a4d7c9-06ae-4f84-9915-6f99b89c284e	b4ecf77f-2700-4251-aaab-b2e5b6d43a43	Sop Sayur	1	12000.00	12000.00	\N
36c7ea5a-c4f7-4889-9932-9f9053ad7f06	34a4d7c9-06ae-4f84-9915-6f99b89c284e	7097335c-d2eb-4cc8-8a47-a1ec0f6b6bd6	Es Teh	13	4000.00	52000.00	\N
a7c6e37c-1b41-41b0-98ad-ecd2ba8dd711	34a4d7c9-06ae-4f84-9915-6f99b89c284e	ae35a958-9393-4359-a40c-0bc869b26331	Krupuk	3	1000.00	3000.00	\N
b902a8f1-a587-4213-bab8-e69baf66d995	34a4d7c9-06ae-4f84-9915-6f99b89c284e	3e867b42-3522-4bf5-b296-3d7b80517d3b	Telur	5	3000.00	15000.00	\N
397bd2ea-2580-4fb4-aebb-2a7180167111	bd4f6e57-2c56-4860-b750-57104786872c	0defbad8-d841-4e95-a811-9355271951a0	Es Jeruk	29	4000.00	116000.00	\N
24186f2f-f756-4f13-925e-7a0127976654	bd4f6e57-2c56-4860-b750-57104786872c	ab451486-becf-49bf-bcba-7152c369caf0	Es Strup	11	4000.00	44000.00	\N
9e267c14-488d-408c-8356-24bc5f56fdc7	bd4f6e57-2c56-4860-b750-57104786872c	7097335c-d2eb-4cc8-8a47-a1ec0f6b6bd6	Es Teh	4	4000.00	16000.00	\N
959cc7af-3e27-40b1-8877-bd7d8ee024e8	bd4f6e57-2c56-4860-b750-57104786872c	2201befb-d03b-432b-8faf-83f442b7d3b2	Jeruk Hangat	3	4000.00	12000.00	\N
645fb428-475a-4899-b47c-f3f8f9639c96	bd4f6e57-2c56-4860-b750-57104786872c	ae35a958-9393-4359-a40c-0bc869b26331	Krupuk	1	1000.00	1000.00	\N
f9ea63f7-e62d-4a19-9ba7-55b413cfa5bb	bd4f6e57-2c56-4860-b750-57104786872c	65f3a54f-f6e6-4a68-8944-f8ae17679609	Mie Goreng	2	12000.00	24000.00	\N
23f2c52a-cb7a-4d92-b261-8694f7799282	bd4f6e57-2c56-4860-b750-57104786872c	7b665859-3e5f-4c15-9577-088e8da75977	Mie Kuah	2	12000.00	24000.00	\N
1e2ec495-0f09-4bc9-a0a0-40792402fe65	bd4f6e57-2c56-4860-b750-57104786872c	37d09618-d64e-4f43-9cdd-831d73d37df0	Mie Nyemek	2	12000.00	24000.00	\N
4ca0af93-b94f-4d46-a4aa-6f56421ac6b1	bd4f6e57-2c56-4860-b750-57104786872c	d952ef9d-c5a4-4c5b-af88-0264be713100	Nasi Goreng	3	12000.00	36000.00	\N
de4098fe-ba1b-49aa-bbcd-735a917a0a78	bd4f6e57-2c56-4860-b750-57104786872c	e5ee3b78-1bdb-4eb9-ac68-40c181ad80ad	Nasi Mawut	3	12000.00	36000.00	\N
972f6d3a-986e-4dbc-a787-03a2233d4d2b	e79b69eb-7e5a-4f0f-812b-f1e6b0e6f861	65f3a54f-f6e6-4a68-8944-f8ae17679609	Mie Goreng	100	12000.00	1200000.00	\N
c1730a2f-b075-401c-9f51-080b7cf9cc18	e79b69eb-7e5a-4f0f-812b-f1e6b0e6f861	0defbad8-d841-4e95-a811-9355271951a0	Es Jeruk	500	4000.00	2000000.00	\N
c5e76ea8-3063-4ce4-8235-6fbb98cbfd9a	844bb067-99e5-4b0c-8eba-eeaba85c93c4	ab451486-becf-49bf-bcba-7152c369caf0	Es Strup	1	4000.00	4000.00	\N
c2e72572-eb6d-453b-98ab-53bf6a96b3c8	1b12ec34-b55d-4753-85d9-f8dd5d2ccadd	0defbad8-d841-4e95-a811-9355271951a0	Es Jeruk	1	4000.00	4000.00	\N
4b2ff265-f050-4cbd-9060-d29a749523cb	b88fb74b-a312-4d9e-8b3a-1f4840cbbac9	0defbad8-d841-4e95-a811-9355271951a0	Es Jeruk	7	4000.00	28000.00	\N
7729b60b-313c-4f75-a65b-75d7f493ebb3	b88fb74b-a312-4d9e-8b3a-1f4840cbbac9	7b665859-3e5f-4c15-9577-088e8da75977	Mie Kuah	2	12000.00	24000.00	\N
0d1c39e4-96fa-42ca-b0d2-deb2efecdc25	b88fb74b-a312-4d9e-8b3a-1f4840cbbac9	65f3a54f-f6e6-4a68-8944-f8ae17679609	Mie Goreng	2	12000.00	24000.00	\N
420260c5-8ba3-4bbc-a187-6cc1901b9c39	b88fb74b-a312-4d9e-8b3a-1f4840cbbac9	d952ef9d-c5a4-4c5b-af88-0264be713100	Nasi Goreng	1	12000.00	12000.00	\N
eb9eb042-3838-445c-b24f-6c91a4ee38d9	b88fb74b-a312-4d9e-8b3a-1f4840cbbac9	e5ee3b78-1bdb-4eb9-ac68-40c181ad80ad	Nasi Mawut	1	12000.00	12000.00	\N
e564bfeb-f507-40d2-a61b-ad5b4e7227dc	b88fb74b-a312-4d9e-8b3a-1f4840cbbac9	6641fb46-c43c-43e2-be2b-49e96f15963b	Nasi Mie Godog	1	12000.00	12000.00	\N
edad55c8-9118-4670-b7d8-6c28ac78e5cd	4c204515-b426-4f62-8347-6cb4fee66d42	65f3a54f-f6e6-4a68-8944-f8ae17679609	Mie Goreng	1	12000.00	12000.00	\N
77ada81d-1e46-4492-881c-12e9eb61f2aa	7c37553b-2c59-442f-a34c-41d7eb17cc29	37d09618-d64e-4f43-9cdd-831d73d37df0	Mie Nyemek	2	12000.00	24000.00	\N
b2c3be2e-5064-472d-806e-dec845f77f70	f3f33d68-2a67-42f1-b2eb-cbfaaa51a056	37d09618-d64e-4f43-9cdd-831d73d37df0	Mie Nyemek	2	12000.00	24000.00	\N
bb76d53a-3f3a-4326-880e-4882941b0dc9	9dfc4044-9c10-472a-ab6f-fca704cefb7a	65f3a54f-f6e6-4a68-8944-f8ae17679609	Mie Goreng	35	12000.00	420000.00	\N
b2a6a70e-2754-4d6e-b7e0-971891a98441	9dfc4044-9c10-472a-ab6f-fca704cefb7a	0defbad8-d841-4e95-a811-9355271951a0	Es Jeruk	31	4000.00	124000.00	\N
dc69e644-64b9-4e2b-b20c-a5acd1d658a4	9897ca04-cda4-47c4-83dd-3e00d05f5560	65f3a54f-f6e6-4a68-8944-f8ae17679609	Mie Goreng	9	12000.00	108000.00	\N
8fbb16ea-1e1f-4b74-a726-8e7a7a7c2d2d	9897ca04-cda4-47c4-83dd-3e00d05f5560	0defbad8-d841-4e95-a811-9355271951a0	Es Jeruk	42	4000.00	168000.00	\N
f2746aa8-916a-4088-9caf-b9cc1317d32f	d63bdfde-14ea-41ae-9509-44b640b86352	37d09618-d64e-4f43-9cdd-831d73d37df0	Mie Nyemek	2	12000.00	24000.00	\N
514d859b-8e6c-4780-9afe-a3c6362eaa40	d63bdfde-14ea-41ae-9509-44b640b86352	7b665859-3e5f-4c15-9577-088e8da75977	Mie Kuah	2	12000.00	24000.00	\N
00cef5be-f7ee-4561-beb0-6d35ed47ea4c	0b42b103-5093-452b-8454-68d9ad254c1c	37d09618-d64e-4f43-9cdd-831d73d37df0	Mie Nyemek	2	12000.00	24000.00	\N
3ae95d43-4ef9-4d55-8ac0-67ad78e80caa	0b42b103-5093-452b-8454-68d9ad254c1c	0defbad8-d841-4e95-a811-9355271951a0	Es Jeruk	1	4000.00	4000.00	\N
36f6337a-cf28-4cc9-8229-b96978704fa7	2f45dc8a-3702-4265-b892-63429ad661da	e5ee3b78-1bdb-4eb9-ac68-40c181ad80ad	Nasi Mawut	2	12000.00	24000.00	Pedas, Bungkus
82b05098-f569-48fa-b05c-6c7e75ca8f47	2637f1bf-1fed-475e-9e68-b5d60a5871fa	65f3a54f-f6e6-4a68-8944-f8ae17679609	Mie Goreng	4	12000.00	48000.00	Sedang
bee0a72d-5655-416c-957f-0530c388c786	52f11bee-5b26-42a9-98da-530de1014ab4	d952ef9d-c5a4-4c5b-af88-0264be713100	Nasi Goreng	4	12000.00	48000.00	Bungkus, 2 nasgor ga sayur ga pedas\n1 nasgor ga sayur pedas poll\n1 nasgor pedas
5586be8c-f945-4496-852c-1a8a60253413	52f11bee-5b26-42a9-98da-530de1014ab4	37d09618-d64e-4f43-9cdd-831d73d37df0	Mie Nyemek	1	12000.00	12000.00	Pedas
ddeb7cc6-5a49-48f6-8fcc-fa9385ef348d	5f9c3a94-3c5a-4aab-a9b9-f3b369ccd16e	d952ef9d-c5a4-4c5b-af88-0264be713100	Nasi Goreng	3	12000.00	36000.00	Bungkus, 2nasgor  tidak sayur tidak pedas\n1nasgor  tidak sayur pedas poll
b59209c5-153d-4275-8c91-5bfe0b9ece68	2d91bcee-dc27-480f-8536-963802a51fa6	d952ef9d-c5a4-4c5b-af88-0264be713100	Nasi Goreng	1	12000.00	12000.00	Bungkus, Pedas
f80d5879-34a0-4f73-9795-8c0b503e84bb	2d91bcee-dc27-480f-8536-963802a51fa6	37d09618-d64e-4f43-9cdd-831d73d37df0	Mie Nyemek	1	12000.00	12000.00	Bungkus, Pedas
c11cf735-8314-49c6-b537-26daed4405bd	51f3f4bc-7f74-42ca-a0ba-2fd7f3dadb3e	37d09618-d64e-4f43-9cdd-831d73d37df0	Mie Nyemek	1	12000.00	12000.00	pesanan \n- mi nyemek tidak sayur, tidak ayam, diganti telur beli 1 (sumer)
56cd41b6-222c-46a5-a415-8c1982f19e9d	51f3f4bc-7f74-42ca-a0ba-2fd7f3dadb3e	e5ee3b78-1bdb-4eb9-ac68-40c181ad80ad	Nasi Mawut	1	12000.00	12000.00	pesanan \n\n- nasi mawut 1 (tidak pedas)
6eace9ca-52ac-4fe7-94d7-f73e7757a50b	51f3f4bc-7f74-42ca-a0ba-2fd7f3dadb3e	3e867b42-3522-4bf5-b296-3d7b80517d3b	Telur	1	3000.00	3000.00	\N
bb517990-b023-43c2-8125-e87b7575d9bb	e8bcc7c6-7704-494d-9bae-c8a29037d54f	65f3a54f-f6e6-4a68-8944-f8ae17679609	Mie Goreng	2	12000.00	24000.00	Pedas Banget, Bungkus
be0beb3b-fd8e-4201-baad-e32723374cc8	e8bcc7c6-7704-494d-9bae-c8a29037d54f	7b665859-3e5f-4c15-9577-088e8da75977	Mie Kuah	2	12000.00	24000.00	Bungkus, Kuah Banyak
5ef6741f-b20c-405b-8e8e-88ce3f06ce64	e8bcc7c6-7704-494d-9bae-c8a29037d54f	d952ef9d-c5a4-4c5b-af88-0264be713100	Nasi Goreng	1	12000.00	12000.00	Sambal Extra, Pedas Banget
8f58ae39-2a89-4f95-8622-4b948017d7e3	d0e00582-f485-4003-a03c-6f168bfd132e	65f3a54f-f6e6-4a68-8944-f8ae17679609	Mie Goreng	1	12000.00	12000.00	\N
ef9f5605-9432-4885-be55-c0d750c0be25	edb5a220-dc58-4a14-a957-02445de4b5fe	e5ee3b78-1bdb-4eb9-ac68-40c181ad80ad	Nasi Mawut	2	12000.00	24000.00	Pedas Banget, No MSG
a1aee5bc-26b7-4b49-889a-365098790309	edb5a220-dc58-4a14-a957-02445de4b5fe	6641fb46-c43c-43e2-be2b-49e96f15963b	Nasi Mie Godog	1	12000.00	12000.00	\N
d0d6b3fa-4024-49bc-8ecc-adf1d0694971	80cea3ef-4426-4cec-b4aa-c8a4fac49aa1	6641fb46-c43c-43e2-be2b-49e96f15963b	Nasi Mie Godog	1	12000.00	12000.00	\N
2e386797-c7e1-4194-b731-bf11daf5f79c	7074e3e5-fecf-4563-8910-ec55b1b82e05	d952ef9d-c5a4-4c5b-af88-0264be713100	Nasi Goreng	1	12000.00	12000.00	Pedas
40845010-f9f0-4c2a-bc12-702c5427ebab	7074e3e5-fecf-4563-8910-ec55b1b82e05	37d09618-d64e-4f43-9cdd-831d73d37df0	Mie Nyemek	1	12000.00	12000.00	Pedas
54c7a48d-865d-44e9-808a-bcd29c80b9c3	909dc6e5-257d-4cf5-bb26-2e2127a3c966	e5ee3b78-1bdb-4eb9-ac68-40c181ad80ad	Nasi Mawut	2	12000.00	24000.00	\N
0d9805ac-d69e-4236-958d-021cadbc19f7	909dc6e5-257d-4cf5-bb26-2e2127a3c966	7097335c-d2eb-4cc8-8a47-a1ec0f6b6bd6	Es Teh	2	4000.00	8000.00	\N
35bb789f-02b9-4221-bc26-3144f6b4dbf1	909dc6e5-257d-4cf5-bb26-2e2127a3c966	ae35a958-9393-4359-a40c-0bc869b26331	Krupuk	1	1000.00	1000.00	\N
7d963298-60fe-4304-8d44-9eeffd413eb6	909dc6e5-257d-4cf5-bb26-2e2127a3c966	3e867b42-3522-4bf5-b296-3d7b80517d3b	Telur	2	3000.00	6000.00	\N
6a67d480-5426-423a-b682-d16eaa704d16	db32824c-b7b5-4928-ab37-800d85e0e305	e5ee3b78-1bdb-4eb9-ac68-40c181ad80ad	Nasi Mawut	2	12000.00	24000.00	Bungkus, Tidak Pedas
8252006a-9f7c-49c1-8937-02ead81f30ae	db32824c-b7b5-4928-ab37-800d85e0e305	6641fb46-c43c-43e2-be2b-49e96f15963b	Nasi Mie Godog	1	12000.00	12000.00	No MSG
5a3ada25-678c-4975-94d2-514319ef1fb4	9805ef51-494d-4f40-9575-ceec87901ed7	b4ecf77f-2700-4251-aaab-b2e5b6d43a43	Sop Sayur	2	12000.00	24000.00	\N
74ec57d0-3f89-41b2-8cfe-69e5450d23e8	9805ef51-494d-4f40-9575-ceec87901ed7	ac33d84e-d717-4aac-87aa-a42b2f13b765	Aqua	2	1000.00	2000.00	\N
400b8376-4418-45c3-bde7-cb2c15f478b3	9805ef51-494d-4f40-9575-ceec87901ed7	7097335c-d2eb-4cc8-8a47-a1ec0f6b6bd6	Es Teh	1	4000.00	4000.00	\N
413220a1-6d62-49a3-af81-4de0adeeedb4	2a004bf5-89f6-4ce0-a040-3f0db76ced9a	7b665859-3e5f-4c15-9577-088e8da75977	Mie Kuah	2	12000.00	24000.00	\N
a71a0e2f-423e-4f4c-944b-0bc2467867ec	2a004bf5-89f6-4ce0-a040-3f0db76ced9a	6641fb46-c43c-43e2-be2b-49e96f15963b	Nasi Mie Godog	1	12000.00	12000.00	\N
1b747021-7544-401e-a572-5aea9f487aa9	2a004bf5-89f6-4ce0-a040-3f0db76ced9a	ae35a958-9393-4359-a40c-0bc869b26331	Krupuk	2	1000.00	2000.00	\N
c1a24114-317c-409f-a9db-3daceb6ad3d9	e41a269d-0d02-4ec3-b15b-91ce6a70accd	65f3a54f-f6e6-4a68-8944-f8ae17679609	Mie Goreng	3	12000.00	36000.00	\N
c1a9407b-4792-4bae-900f-0eb6e8531a93	e41a269d-0d02-4ec3-b15b-91ce6a70accd	d952ef9d-c5a4-4c5b-af88-0264be713100	Nasi Goreng	1	12000.00	12000.00	\N
d9a04dd9-2555-47dc-a1af-d8d881e70cd1	e41a269d-0d02-4ec3-b15b-91ce6a70accd	ab451486-becf-49bf-bcba-7152c369caf0	Es Strup	2	4000.00	8000.00	\N
b9fa43a9-ba07-48a8-a9c5-062b1ad551a9	e41a269d-0d02-4ec3-b15b-91ce6a70accd	df44f68f-eecc-4bb7-bc64-a268606541bf	Teh Hangat	1	4000.00	4000.00	\N
98fa65e2-d410-4df8-9140-8dcb3f8a8a59	1855c7ed-42b6-4e19-9b2e-c23ddcf34819	0defbad8-d841-4e95-a811-9355271951a0	Es Jeruk	2	4000.00	8000.00	\N
957de4e0-8825-4e9e-aa90-54061501becf	d702345f-9fd3-489e-8e07-19bc2974f094	65f3a54f-f6e6-4a68-8944-f8ae17679609	Mie Goreng	1	12000.00	12000.00	\N
f4ccc13d-623b-4de6-ac00-a68bdc9e50c9	d702345f-9fd3-489e-8e07-19bc2974f094	3e867b42-3522-4bf5-b296-3d7b80517d3b	Telur	1	3000.00	3000.00	\N
372860d2-8597-4484-9458-dcb65b99b361	d702345f-9fd3-489e-8e07-19bc2974f094	ae35a958-9393-4359-a40c-0bc869b26331	Krupuk	1	1000.00	1000.00	\N
a4be9987-9c63-4e4c-a05a-4b7d7efb3e2a	ee182b84-badf-4be4-82f8-7fc614183eab	7b665859-3e5f-4c15-9577-088e8da75977	Mie Kuah	1	12000.00	12000.00	\N
22025423-3391-4b9d-b93b-44a897c593bb	ee182b84-badf-4be4-82f8-7fc614183eab	37d09618-d64e-4f43-9cdd-831d73d37df0	Mie Nyemek	1	12000.00	12000.00	\N
306d3649-f344-4f29-bd88-c3b2f4e3c404	ee182b84-badf-4be4-82f8-7fc614183eab	b4ecf77f-2700-4251-aaab-b2e5b6d43a43	Sop Sayur	3	12000.00	36000.00	Bungkus, Pedas
5ab28562-5eca-493b-81d1-5de8fc1b2f24	be8189c4-5038-4165-b782-8875c606695a	65f3a54f-f6e6-4a68-8944-f8ae17679609	Mie Goreng	1	12000.00	12000.00	\N
653c2c18-3153-41d1-9858-aa3236119b99	be8189c4-5038-4165-b782-8875c606695a	ae35a958-9393-4359-a40c-0bc869b26331	Krupuk	2	1000.00	2000.00	\N
026016b2-2cf9-46c7-b18e-42a7032986d2	20367783-7604-4a29-a6da-babe1c456ccd	e5ee3b78-1bdb-4eb9-ac68-40c181ad80ad	Nasi Mawut	2	12000.00	24000.00	Pedas
ea1189db-f767-484b-a60b-adb7aa895479	20367783-7604-4a29-a6da-babe1c456ccd	65f3a54f-f6e6-4a68-8944-f8ae17679609	Mie Goreng	1	12000.00	12000.00	Sedang
d9e48366-8900-4bf2-8987-e89535576633	48969fc0-8bcd-4466-8189-0b22282adf89	65f3a54f-f6e6-4a68-8944-f8ae17679609	Mie Goreng	2	12000.00	24000.00	Pedas, Bungkus
2c50454c-568e-44a2-82c9-fb4c0b2621b5	48969fc0-8bcd-4466-8189-0b22282adf89	7b665859-3e5f-4c15-9577-088e8da75977	Mie Kuah	1	12000.00	12000.00	Kuah Banyak, Sedang, Bungkus
ddaad7c6-e7ec-4e11-a128-d03718b23210	cd4e5d56-853b-4260-a054-609e11bc3519	37d09618-d64e-4f43-9cdd-831d73d37df0	Mie Nyemek	4	12000.00	48000.00	Sedang, Kecap Extra
5432e825-39e9-44c8-b44a-bbd6cacdf6de	cd4e5d56-853b-4260-a054-609e11bc3519	6641fb46-c43c-43e2-be2b-49e96f15963b	Nasi Mie Godog	1	12000.00	12000.00	Bungkus, Kuah Sedikit, Pedas
7a289b5d-ba14-40c9-a07d-fc03728fa593	47f03149-1c91-4284-98ad-9ef1c8a19e23	7b665859-3e5f-4c15-9577-088e8da75977	Mie Kuah	2	12000.00	24000.00	\N
810b4592-3101-428d-b69a-f1014d5504db	47f03149-1c91-4284-98ad-9ef1c8a19e23	65f3a54f-f6e6-4a68-8944-f8ae17679609	Mie Goreng	1	12000.00	12000.00	\N
b02b25fc-d369-4694-8fe4-04a489fdb436	47f03149-1c91-4284-98ad-9ef1c8a19e23	0defbad8-d841-4e95-a811-9355271951a0	Es Jeruk	2	4000.00	8000.00	\N
15df161f-e9c2-42c5-b6e8-a8582e0e70d6	47f03149-1c91-4284-98ad-9ef1c8a19e23	ab451486-becf-49bf-bcba-7152c369caf0	Es Strup	1	4000.00	4000.00	\N
f3b1f7bd-081f-4b94-9a4b-00dee94f2d05	47f03149-1c91-4284-98ad-9ef1c8a19e23	3e867b42-3522-4bf5-b296-3d7b80517d3b	Telur	1	3000.00	3000.00	\N
05158e94-3cc3-42c3-ad1c-8d906bfaab13	47f03149-1c91-4284-98ad-9ef1c8a19e23	ae35a958-9393-4359-a40c-0bc869b26331	Krupuk	2	1000.00	2000.00	\N
347fbff1-1a1a-4955-b47f-6a6e637f7129	231ac87f-eefd-4694-9b45-eefc32a7945b	7b665859-3e5f-4c15-9577-088e8da75977	Mie Kuah	1	12000.00	12000.00	\N
a649ec65-e5a0-4ec8-a0f0-585878a542ed	231ac87f-eefd-4694-9b45-eefc32a7945b	ae35a958-9393-4359-a40c-0bc869b26331	Krupuk	1	1000.00	1000.00	\N
2bd8e3ae-5665-44c1-a8da-f64429e0a5e8	6b8c93a1-c496-450e-a675-0bfd673babbc	65f3a54f-f6e6-4a68-8944-f8ae17679609	Mie Goreng	2	12000.00	24000.00	Bungkus, Sedang
452366b4-e7b1-408a-8717-9e2a15fb0511	6b8c93a1-c496-450e-a675-0bfd673babbc	e5ee3b78-1bdb-4eb9-ac68-40c181ad80ad	Nasi Mawut	2	12000.00	24000.00	Bungkus, Pedas Banget
e52dcade-9f28-4a4a-a831-e82f7fc7ba1f	6b8c93a1-c496-450e-a675-0bfd673babbc	df44f68f-eecc-4bb7-bc64-a268606541bf	Teh Hangat	1	4000.00	4000.00	Tanpa Gula
af67df0a-b14b-401c-919a-2ee48b9d5736	6b8c93a1-c496-450e-a675-0bfd673babbc	ab451486-becf-49bf-bcba-7152c369caf0	Es Strup	1	4000.00	4000.00	Extra Es
095b51d8-222b-41bd-842e-cc0f116406d6	6b8c93a1-c496-450e-a675-0bfd673babbc	3e867b42-3522-4bf5-b296-3d7b80517d3b	Telur	3	3000.00	9000.00	\N
210464c7-0adb-4668-97a0-5cd3ada2677a	0677624b-132a-4ccc-9d3b-7a76f90ecc48	7b665859-3e5f-4c15-9577-088e8da75977	Mie Kuah	1	12000.00	12000.00	\N
65b83548-b7d8-4bd3-bb31-751bd2458aad	0677624b-132a-4ccc-9d3b-7a76f90ecc48	0defbad8-d841-4e95-a811-9355271951a0	Es Jeruk	1	4000.00	4000.00	\N
8ef6a66e-7c37-4795-ae62-4f8e40aa6403	0677624b-132a-4ccc-9d3b-7a76f90ecc48	ae35a958-9393-4359-a40c-0bc869b26331	Krupuk	1	1000.00	1000.00	\N
47c1c1e7-179b-4fb7-9917-cfebd72f4629	7ec49681-070c-4498-86e0-d006be7ef7db	e5ee3b78-1bdb-4eb9-ac68-40c181ad80ad	Nasi Mawut	2	12000.00	24000.00	\N
72b8958a-005b-4e89-a27f-2b640450c360	7ec49681-070c-4498-86e0-d006be7ef7db	ac33d84e-d717-4aac-87aa-a42b2f13b765	Aqua	2	1000.00	2000.00	\N
1e585eae-1d1a-4046-a523-1fbb3cd81631	7ec49681-070c-4498-86e0-d006be7ef7db	ae35a958-9393-4359-a40c-0bc869b26331	Krupuk	1	1000.00	1000.00	\N
15613bb2-a732-4b93-8e88-d67fd4f2c3ad	a1e49071-3576-41a4-8a08-8be57a93e16a	65f3a54f-f6e6-4a68-8944-f8ae17679609	Mie Goreng	1	12000.00	12000.00	\N
f4fc485d-33ca-4288-b9f4-433a2701adbc	a1e49071-3576-41a4-8a08-8be57a93e16a	7b665859-3e5f-4c15-9577-088e8da75977	Mie Kuah	1	12000.00	12000.00	\N
bde3eb34-1377-4e21-a893-2b7393db567f	70d9a03f-91df-4f9a-a88f-d72a6be90a15	7b665859-3e5f-4c15-9577-088e8da75977	Mie Kuah	1	12000.00	12000.00	\N
61b7e2e4-6c28-43bf-a49d-46e68f25f02c	70d9a03f-91df-4f9a-a88f-d72a6be90a15	65f3a54f-f6e6-4a68-8944-f8ae17679609	Mie Goreng	1	12000.00	12000.00	\N
a1d00466-bfb3-437d-bd02-9d261c6b1425	70d9a03f-91df-4f9a-a88f-d72a6be90a15	d952ef9d-c5a4-4c5b-af88-0264be713100	Nasi Goreng	3	12000.00	36000.00	\N
\.


--
-- Name: Category_id_seq; Type: SEQUENCE SET; Schema: public; Owner: -
--

SELECT pg_catalog.setval('"public"."Category_id_seq"', 3, true);


--
-- PostgreSQL database dump complete
--

\unrestrict kLcfyRintoeOgv1R3hmvfYL0dFpRsthcEayUr9vdwZG58UEHV1YMDDioJ6v9hP8

