--
-- PostgreSQL database dump
--

\restrict C5UFhvmE4JBdwGCSI6x7zDj6gmsUFpDdGkEEs0YPdgg1rvQbvVE6l8E32TuhfIX

-- Dumped from database version 17.6
-- Dumped by pg_dump version 17.9 (Ubuntu 17.9-1.pgdg24.04+1)

SET statement_timeout = 0;
SET lock_timeout = 0;
SET idle_in_transaction_session_timeout = 0;
SET transaction_timeout = 0;
SET client_encoding = 'UTF8';
SET standard_conforming_strings = on;
SELECT pg_catalog.set_config('search_path', '', false);
SET check_function_bodies = false;
SET xmloption = content;
SET client_min_messages = warning;
SET row_security = off;

--
-- Data for Name: Category; Type: TABLE DATA; Schema: public; Owner: -
--

COPY "public"."Category" ("id", "name", "createdAt", "updatedAt") FROM stdin;
1	Makanan	2026-04-20 09:49:42.428	2026-04-20 09:49:42.428
2	Minuman	2026-04-20 09:49:42.428	2026-04-20 09:49:42.428
3	Tambahan	2026-04-20 09:49:42.428	2026-04-20 09:49:42.428
\.


--
-- Data for Name: Product; Type: TABLE DATA; Schema: public; Owner: -
--

COPY "public"."Product" ("id", "name", "description", "price", "image", "isAvailable", "categoryId", "createdAt", "updatedAt") FROM stdin;
d952ef9d-c5a4-4c5b-af88-0264be713100	Nasi Goreng	\N	12000.00	\N	t	1	2026-04-20 09:49:54.321	2026-04-20 09:49:54.321
e5ee3b78-1bdb-4eb9-ac68-40c181ad80ad	Nasi Mawut	\N	12000.00	\N	t	1	2026-04-20 09:49:54.321	2026-04-20 09:49:54.321
6641fb46-c43c-43e2-be2b-49e96f15963b	Nasi Mie Godog	\N	12000.00	\N	t	1	2026-04-20 09:49:54.321	2026-04-20 09:49:54.321
b4ecf77f-2700-4251-aaab-b2e5b6d43a43	Sop Sayur	\N	12000.00	\N	t	1	2026-04-20 09:49:54.321	2026-04-20 09:49:54.321
65f3a54f-f6e6-4a68-8944-f8ae17679609	Mie Goreng	\N	12000.00	\N	t	1	2026-04-20 09:49:54.321	2026-04-20 09:49:54.321
7b665859-3e5f-4c15-9577-088e8da75977	Mie Kuah	\N	12000.00	\N	t	1	2026-04-20 09:49:54.321	2026-04-20 09:49:54.321
37d09618-d64e-4f43-9cdd-831d73d37df0	Mie Nyemek	\N	12000.00	\N	t	1	2026-04-20 09:49:54.321	2026-04-20 09:49:54.321
0defbad8-d841-4e95-a811-9355271951a0	Es Jeruk	\N	4000.00	\N	t	2	2026-04-20 09:49:54.321	2026-04-20 09:49:54.321
7097335c-d2eb-4cc8-8a47-a1ec0f6b6bd6	Es Teh	\N	4000.00	\N	t	2	2026-04-20 09:49:54.321	2026-04-20 09:49:54.321
df44f68f-eecc-4bb7-bc64-a268606541bf	Teh Hangat	\N	4000.00	\N	t	2	2026-04-20 09:49:54.321	2026-04-20 09:49:54.321
ab451486-becf-49bf-bcba-7152c369caf0	Es Strup	\N	4000.00	\N	t	2	2026-04-20 09:49:54.321	2026-04-20 09:49:54.321
e44f6ade-11e0-4d38-b987-615c53ae4400	Strup Hangat	\N	4000.00	\N	t	2	2026-04-20 09:49:54.321	2026-04-20 09:49:54.321
2201befb-d03b-432b-8faf-83f442b7d3b2	Jeruk Hangat	\N	4000.00	\N	t	2	2026-04-20 09:49:54.321	2026-04-20 09:49:54.321
3e867b42-3522-4bf5-b296-3d7b80517d3b	Telur	Tambahan Telur	3000.00	\N	t	3	2026-04-20 09:49:54.321	2026-04-20 09:49:54.321
ae35a958-9393-4359-a40c-0bc869b26331	Krupuk	Tambahan Krupuk	1000.00	\N	t	3	2026-04-20 09:49:54.321	2026-04-20 09:49:54.321
ac33d84e-d717-4aac-87aa-a42b2f13b765	Aqua		1000.00		t	2	2026-04-20 12:48:43.06	2026-04-20 12:48:43.06
\.


--
-- Data for Name: StoreConfig; Type: TABLE DATA; Schema: public; Owner: -
--

COPY "public"."StoreConfig" ("id", "name", "address", "phone", "updatedAt", "logoUrl") FROM stdin;
1	Mie Jawa Melati	Jl. Melati Gang 3 No.21	081232835687	2026-04-21 11:04:27.89	
\.


--
-- Data for Name: Transaction; Type: TABLE DATA; Schema: public; Owner: -
--

COPY "public"."Transaction" ("id", "invoiceNumber", "date", "totalAmount", "paymentMethod", "paidAmount", "change", "isSynced", "createdAt", "updatedAt", "deletedAt") FROM stdin;
bd0b807b-91a8-4da2-b382-3fb73cc812c2	INV-20260420-5299	2026-04-20 11:43:11.905	42000.00	CASH	50000.00	8000.00	t	2026-04-20 11:43:13.771	2026-04-20 11:57:45.247	2026-04-20 11:57:45.245
bd4f6e57-2c56-4860-b750-57104786872c	INV-20260420-5019	2026-04-20 11:54:06.602	333000.00	QRIS	333000.00	0.00	t	2026-04-20 11:54:08.17	2026-04-20 12:00:34.298	2026-04-20 12:00:34.298
34a4d7c9-06ae-4f84-9915-6f99b89c284e	INV-20260420-6220	2026-04-20 11:50:54.18	154000.00	CASH	300000.00	146000.00	t	2026-04-20 11:50:55.295	2026-04-20 12:00:45.665	2026-04-20 12:00:45.665
d6ea2f9d-6b76-4d2c-9bf1-fbc2c08d763e	INV-20260420-8423	2026-04-20 11:46:07.146	267000.00	CASH	300000.00	33000.00	t	2026-04-20 11:47:59.294	2026-04-20 12:00:50.101	2026-04-20 12:00:50.1
e79b69eb-7e5a-4f0f-812b-f1e6b0e6f861	INV-20260420-4098	2026-04-20 12:05:32.795	3200000.00	CASH	4000000.00	800000.00	t	2026-04-20 12:05:34.413	2026-04-20 12:18:35.089	2026-04-20 12:18:35.089
844bb067-99e5-4b0c-8eba-eeaba85c93c4	INV-20260420-1584	2026-04-20 12:14:12.57	4000.00	QRIS	4000.00	0.00	t	2026-04-20 12:14:14.092	2026-04-20 12:18:39.287	2026-04-20 12:18:39.287
1b12ec34-b55d-4753-85d9-f8dd5d2ccadd	INV-20260420-8217	2026-04-20 12:19:00.065	4000.00	QRIS	4000.00	0.00	t	2026-04-20 12:19:00.72	2026-04-20 12:19:23.03	2026-04-20 12:19:23.028
0b42b103-5093-452b-8454-68d9ad254c1c	INV-20260421-7188	2026-04-21 04:54:49.134	28000.00	QRIS	28000.00	0.00	t	2026-04-21 04:54:45.026	2026-04-21 05:53:51.762	2026-04-21 05:53:51.756
d63bdfde-14ea-41ae-9509-44b640b86352	INV-20260421-6679	2026-04-21 04:52:58.116	48000.00	CASH	50000.00	2000.00	t	2026-04-21 04:52:53.935	2026-04-21 05:54:10.563	2026-04-21 05:54:10.563
b88fb74b-a312-4d9e-8b3a-1f4840cbbac9	INV-20260420-9466	2026-04-20 12:42:12.328	112000.00	CASH	200000.00	88000.00	t	2026-04-20 12:42:14.266	2026-04-21 11:00:11.768	2026-04-21 11:00:11.761
4c204515-b426-4f62-8347-6cb4fee66d42	INV-20260420-7298	2026-04-20 12:42:53.587	12000.00	QRIS	12000.00	0.00	t	2026-04-20 12:42:55.125	2026-04-21 11:00:15.33	2026-04-21 11:00:15.329
9897ca04-cda4-47c4-83dd-3e00d05f5560	INV-20260420-6298	2026-04-20 13:00:14.17	276000.00	QRIS	276000.00	0.00	t	2026-04-20 13:00:15.866	2026-04-21 11:00:19.678	2026-04-21 11:00:19.678
9dfc4044-9c10-472a-ab6f-fca704cefb7a	INV-20260420-7389	2026-04-20 12:58:56.465	544000.00	QRIS	544000.00	0.00	t	2026-04-20 12:58:57.742	2026-04-21 11:00:23.6	2026-04-21 11:00:23.6
f3f33d68-2a67-42f1-b2eb-cbfaaa51a056	INV-20260420-2565	2026-04-20 12:45:11.057	24000.00	QRIS	24000.00	0.00	t	2026-04-20 12:45:12.116	2026-04-21 11:00:27.556	2026-04-21 11:00:27.556
7c37553b-2c59-442f-a34c-41d7eb17cc29	INV-20260420-1859	2026-04-20 12:44:14.55	24000.00	QRIS	24000.00	0.00	t	2026-04-20 12:44:15.795	2026-04-21 11:00:32.087	2026-04-21 11:00:32.087
2f45dc8a-3702-4265-b892-63429ad661da	INV-20260421-3623	2026-04-21 11:14:00.225	24000.00	QRIS	24000.00	0.00	t	2026-04-21 11:14:01.723	2026-04-21 11:14:01.723	\N
2637f1bf-1fed-475e-9e68-b5d60a5871fa	INV-20260421-6786	2026-04-21 11:15:47.801	48000.00	CASH	50000.00	2000.00	t	2026-04-21 11:15:49.382	2026-04-21 11:15:49.382	\N
52f11bee-5b26-42a9-98da-530de1014ab4	INV-20260421-4815	2026-04-21 11:24:00.733	60000.00	QRIS	60000.00	0.00	t	2026-04-21 11:24:02.612	2026-04-21 11:25:00.832	2026-04-21 11:25:00.83
5f9c3a94-3c5a-4aab-a9b9-f3b369ccd16e	INV-20260421-2445	2026-04-21 11:27:32.709	36000.00	CASH	36000.00	0.00	t	2026-04-21 11:27:34.462	2026-04-21 11:27:34.462	\N
2d91bcee-dc27-480f-8536-963802a51fa6	INV-20260421-7140	2026-04-21 11:28:27.415	24000.00	CASH	24000.00	0.00	t	2026-04-21 11:28:29.068	2026-04-21 11:28:29.068	\N
51f3f4bc-7f74-42ca-a0ba-2fd7f3dadb3e	INV-20260421-9383	2026-04-21 12:08:28.436	27000.00	CASH	27000.00	0.00	t	2026-04-21 12:08:31.429	2026-04-21 12:08:31.429	\N
e8bcc7c6-7704-494d-9bae-c8a29037d54f	INV-20260421-7843	2026-04-21 15:53:13.48	60000.00	QRIS	60000.00	0.00	t	2026-04-21 15:53:15.114	2026-04-21 15:53:15.114	\N
d0e00582-f485-4003-a03c-6f168bfd132e	INV-20260421-5492	2026-04-21 15:53:50.507	12000.00	QRIS	12000.00	0.00	t	2026-04-21 15:53:51.997	2026-04-21 15:53:51.997	\N
edb5a220-dc58-4a14-a957-02445de4b5fe	INV-20260421-1032	2026-04-21 15:54:22.641	36000.00	CASH	36000.00	0.00	t	2026-04-21 15:54:24.381	2026-04-21 15:54:24.381	\N
80cea3ef-4426-4cec-b4aa-c8a4fac49aa1	INV-20260421-5567	2026-04-21 15:54:39.676	12000.00	CASH	15000.00	3000.00	t	2026-04-21 15:54:41.238	2026-04-21 15:54:41.238	\N
7074e3e5-fecf-4563-8910-ec55b1b82e05	INV-20260421-1678	2026-04-21 15:56:07.11	24000.00	CASH	24000.00	0.00	t	2026-04-21 15:56:08.724	2026-04-21 15:56:08.724	\N
909dc6e5-257d-4cf5-bb26-2e2127a3c966	INV-20260421-4384	2026-04-21 15:56:42.244	39000.00	QRIS	39000.00	0.00	t	2026-04-21 15:56:43.79	2026-04-21 15:56:43.79	\N
db32824c-b7b5-4928-ab37-800d85e0e305	INV-20260421-4706	2026-04-21 15:57:16.194	36000.00	TRANSFER	36000.00	0.00	t	2026-04-21 15:57:17.659	2026-04-21 15:57:17.659	\N
9805ef51-494d-4f40-9575-ceec87901ed7	INV-20260421-9100	2026-04-21 15:57:43.595	30000.00	CASH	50000.00	20000.00	t	2026-04-21 15:57:44.638	2026-04-21 15:57:44.638	\N
2a004bf5-89f6-4ce0-a040-3f0db76ced9a	INV-20260421-3214	2026-04-21 15:58:29.424	38000.00	CASH	40000.00	2000.00	t	2026-04-21 15:58:31.135	2026-04-21 15:58:31.135	\N
e41a269d-0d02-4ec3-b15b-91ce6a70accd	INV-20260421-9078	2026-04-21 15:59:06.477	60000.00	QRIS	60000.00	0.00	t	2026-04-21 15:59:07.554	2026-04-21 15:59:07.554	\N
1855c7ed-42b6-4e19-9b2e-c23ddcf34819	INV-20260421-7101	2026-04-21 16:02:38.863	8000.00	CASH	10000.00	2000.00	t	2026-04-21 16:02:40.388	2026-04-21 16:02:40.388	\N
d702345f-9fd3-489e-8e07-19bc2974f094	INV-20260421-8535	2026-04-21 16:02:54.657	16000.00	CASH	20000.00	4000.00	t	2026-04-21 16:02:56.213	2026-04-21 16:02:56.213	\N
ee182b84-badf-4be4-82f8-7fc614183eab	INV-20260421-4535	2026-04-21 16:03:27.644	60000.00	CASH	100000.00	40000.00	t	2026-04-21 16:03:29.161	2026-04-21 16:03:29.161	\N
be8189c4-5038-4165-b782-8875c606695a	INV-20260421-2486	2026-04-21 16:03:44.316	14000.00	QRIS	14000.00	0.00	t	2026-04-21 16:03:45.81	2026-04-21 16:03:45.81	\N
20367783-7604-4a29-a6da-babe1c456ccd	INV-20260422-6564	2026-04-22 10:45:29.2	36000.00	QRIS	36000.00	0.00	t	2026-04-22 10:45:30.894	2026-04-22 10:45:30.894	\N
48969fc0-8bcd-4466-8189-0b22282adf89	INV-20260422-4392	2026-04-22 14:56:27.888	36000.00	CASH	50000.00	14000.00	t	2026-04-22 14:56:29.713	2026-04-22 14:56:29.713	\N
cd4e5d56-853b-4260-a054-609e11bc3519	INV-20260422-5152	2026-04-22 14:57:22.698	60000.00	QRIS	60000.00	0.00	t	2026-04-22 14:57:24.213	2026-04-22 14:57:24.213	\N
47f03149-1c91-4284-98ad-9ef1c8a19e23	INV-20260422-5043	2026-04-22 14:57:48.248	53000.00	QRIS	53000.00	0.00	t	2026-04-22 14:57:49.754	2026-04-22 14:57:49.754	\N
231ac87f-eefd-4694-9b45-eefc32a7945b	INV-20260422-1825	2026-04-22 14:58:05.623	13000.00	CASH	15000.00	2000.00	t	2026-04-22 14:58:07.058	2026-04-22 14:58:07.058	\N
6b8c93a1-c496-450e-a675-0bfd673babbc	INV-20260422-3028	2026-04-22 14:59:15.319	65000.00	TRANSFER	65000.00	0.00	t	2026-04-22 14:59:16.45	2026-04-22 14:59:16.45	\N
0677624b-132a-4ccc-9d3b-7a76f90ecc48	INV-20260422-6091	2026-04-22 14:59:48.182	17000.00	CASH	20000.00	3000.00	t	2026-04-22 14:59:49.179	2026-04-22 14:59:49.179	\N
7ec49681-070c-4498-86e0-d006be7ef7db	INV-20260422-9680	2026-04-22 15:00:21.102	27000.00	CASH	30000.00	3000.00	t	2026-04-22 15:00:22.763	2026-04-22 15:00:22.763	\N
a1e49071-3576-41a4-8a08-8be57a93e16a	INV-20260422-3754	2026-04-22 15:00:36.857	24000.00	QRIS	24000.00	0.00	t	2026-04-22 15:00:38.366	2026-04-22 15:00:38.366	\N
70d9a03f-91df-4f9a-a88f-d72a6be90a15	INV-20260422-3049	2026-04-22 15:00:57.694	60000.00	TRANSFER	60000.00	0.00	t	2026-04-22 15:00:59.173	2026-04-22 15:00:59.173	\N
9c1fc0e1-6c2d-44e4-9192-fe607836f567	INV-20260423-8086	2026-04-23 11:40:45.235	24000.00	CASH	50000.00	26000.00	t	2026-04-23 11:40:45.089	2026-04-23 11:40:52.877	2026-04-23 11:40:52.874
7e770137-4289-4386-b1b7-2470bab71d67	INV-20260424-7284	2026-04-24 15:09:19.602	34000.00	CASH	50000.00	16000.00	t	2026-04-24 15:09:21.138	2026-04-24 15:09:21.138	\N
5d6c7897-bb40-401b-9d90-ccfd7c845145	INV-20260424-3778	2026-04-24 15:09:42.307	75000.00	QRIS	75000.00	0.00	t	2026-04-24 15:09:43.812	2026-04-24 15:09:43.812	\N
d96e18ab-9893-41c3-ad86-71bd8cee8e84	INV-20260424-8828	2026-04-24 15:10:08.869	27000.00	QRIS	27000.00	0.00	t	2026-04-24 15:10:10.361	2026-04-24 15:10:10.361	\N
ba2ca106-e136-4bcd-872f-6d739a04d147	INV-20260424-9389	2026-04-24 15:10:36.031	36000.00	CASH	36000.00	0.00	t	2026-04-24 15:10:37.512	2026-04-24 15:10:37.512	\N
aedd08a4-91d5-4334-a274-c8f74acaeec2	INV-20260424-4158	2026-04-24 15:10:54.673	16000.00	CASH	20000.00	4000.00	t	2026-04-24 15:10:55.643	2026-04-24 15:10:55.643	\N
2f472bcf-22a2-4a48-8926-1e3dee0329c4	INV-20260424-5336	2026-04-24 15:11:47.015	48000.00	CASH	50000.00	2000.00	t	2026-04-24 15:11:48.523	2026-04-24 15:11:48.523	\N
851de471-c705-4871-9be6-46b20e182186	INV-20260424-3573	2026-04-24 15:12:08.812	17000.00	CASH	17000.00	0.00	t	2026-04-24 15:12:09.805	2026-04-24 15:12:09.805	\N
0ecf79b1-bc17-42ee-9acd-e3756dab2d34	INV-20260424-6219	2026-04-24 15:13:10.569	60000.00	QRIS	60000.00	0.00	t	2026-04-24 15:13:12.142	2026-04-24 15:13:12.142	\N
c35cdc14-26d6-4660-9902-7a311304c051	INV-20260424-1815	2026-04-24 15:15:18.838	75000.00	CASH	100000.00	25000.00	t	2026-04-24 15:15:20.339	2026-04-24 15:15:20.339	\N
473f70f6-8167-46b2-a75c-dc583f4e2045	INV-20260426-7044	2026-04-26 13:44:55.393	60000.00	QRIS	60000.00	0.00	t	2026-04-26 13:44:56.921	2026-04-26 13:44:56.921	\N
98113240-efdf-49dd-9085-5f3310d6c0dc	INV-20260426-7417	2026-04-26 13:45:45.389	55000.00	CASH	100000.00	45000.00	t	2026-04-26 13:45:46.936	2026-04-26 13:45:46.936	\N
d9173e3d-bae4-4308-8f73-f30045d6e73e	INV-20260426-9971	2026-04-26 13:46:04.656	120000.00	QRIS	120000.00	0.00	t	2026-04-26 13:46:06.143	2026-04-26 13:46:06.143	\N
17bf76ef-08a0-4703-b2cd-77379d214e25	INV-20260426-7588	2026-04-26 13:46:24.057	34000.00	CASH	50000.00	16000.00	t	2026-04-26 13:46:25.542	2026-04-26 13:46:25.542	\N
8c71b719-350e-451b-9b2b-a2c3b22234fd	INV-20260426-6724	2026-04-26 13:46:47.082	84000.00	QRIS	84000.00	0.00	t	2026-04-26 13:46:48.58	2026-04-26 13:46:48.58	\N
478e96ca-3eba-4c60-aa1c-f8fa26cc59ef	INV-20260426-1594	2026-04-26 13:47:14.449	24000.00	CASH	50000.00	26000.00	t	2026-04-26 13:47:15.905	2026-04-26 13:47:15.905	\N
c9d80b9b-0f0f-4579-84d1-6c2cfee1a844	INV-20260426-8770	2026-04-26 13:47:37.469	29000.00	CASH	50000.00	21000.00	t	2026-04-26 13:47:38.966	2026-04-26 13:47:38.966	\N
ae26fcde-4af6-4ffc-9ce2-026a58a1367e	INV-20260426-8911	2026-04-26 13:48:03.99	36000.00	QRIS	36000.00	0.00	t	2026-04-26 13:48:05.51	2026-04-26 13:48:05.51	\N
31e1b4b6-6be1-4458-bff6-f74825b98a28	INV-20260426-1525	2026-04-26 13:48:39.434	90000.00	CASH	100000.00	10000.00	t	2026-04-26 13:48:40.922	2026-04-26 13:48:40.922	\N
3e32eab0-9c5d-43f8-beb0-06988ed8c559	INV-20260426-2432	2026-04-26 16:11:59.455	120000.00	QRIS	120000.00	0.00	t	2026-04-26 16:12:01.031	2026-04-26 16:12:01.031	\N
ad603a1e-ee34-43e7-8805-50cffdc9c3dc	INV-20260426-9045	2026-04-26 16:12:15.189	36000.00	CASH	50000.00	14000.00	t	2026-04-26 16:12:16.667	2026-04-26 16:12:16.667	\N
e7eb6f85-15d4-4cd7-b35d-7f1c68ed0acd	INV-20260426-4292	2026-04-26 16:12:58.241	34000.00	CASH	34000.00	0.00	t	2026-04-26 16:12:59.874	2026-04-26 16:12:59.874	\N
d2c638ca-866d-4e78-9942-be046a659ef5	INV-20260426-9282	2026-04-26 16:13:25.435	56000.00	CASH	100000.00	44000.00	t	2026-04-26 16:13:26.954	2026-04-26 16:13:26.954	\N
5712fcc5-0a39-4569-a4f8-4190ae671efb	INV-20260426-3007	2026-04-26 16:13:44.442	36000.00	QRIS	36000.00	0.00	t	2026-04-26 16:13:45.954	2026-04-26 16:13:45.954	\N
d49f52ec-71b4-4857-a4c0-4188174c54a3	INV-20260426-3804	2026-04-26 16:14:13.322	45000.00	CASH	50000.00	5000.00	t	2026-04-26 16:14:14.8	2026-04-26 16:14:14.8	\N
1756d204-a729-4521-8cee-56acc476a8b8	INV-20260426-7080	2026-04-26 16:14:47.09	54000.00	CASH	55000.00	1000.00	t	2026-04-26 16:14:48.678	2026-04-26 16:14:48.678	\N
ad1c073c-adbf-4152-8742-892ef18c3dcc	INV-20260427-5014	2026-04-27 13:09:39.215	48000.00	CASH	50000.00	2000.00	t	2026-04-27 13:09:42.023	2026-04-27 13:09:42.023	\N
a657cb94-26bb-4de7-82c6-8b6c4534d96e	INV-20260427-1899	2026-04-27 13:10:57.699	24000.00	CASH	25000.00	1000.00	t	2026-04-27 13:11:00.302	2026-04-27 13:11:00.302	\N
fd559889-a17e-4392-808b-fd000774101e	INV-20260427-6810	2026-04-27 13:12:15.57	24000.00	CASH	24000.00	0.00	t	2026-04-27 13:12:18.688	2026-04-27 13:12:18.688	\N
33d352ae-8925-4b2e-ad08-9db410d76d15	INV-20260427-9094	2026-04-27 13:13:30.241	24000.00	QRIS	24000.00	0.00	t	2026-04-27 13:13:32.819	2026-04-27 13:13:32.819	\N
a0719642-658b-420c-b5b8-cd5ade88e0ff	INV-20260427-5522	2026-04-27 13:14:11.811	24000.00	CASH	25000.00	1000.00	t	2026-04-27 13:14:14.357	2026-04-27 13:14:14.357	\N
333d37ab-1c94-4121-8c49-be8002519ccf	INV-20260427-7927	2026-04-27 13:14:36.442	12000.00	CASH	12000.00	0.00	t	2026-04-27 13:14:39.007	2026-04-27 13:14:39.007	\N
5401ef2f-4b19-4288-bd5c-288a0161f8e1	INV-20260427-2231	2026-04-27 13:17:27.921	36000.00	CASH	36000.00	0.00	t	2026-04-27 13:17:30.485	2026-04-27 13:17:30.485	\N
731cb788-5f55-4e0b-a770-5a5c6ffeffc1	INV-20260427-3785	2026-04-27 13:18:07.233	12000.00	CASH	12000.00	0.00	t	2026-04-27 13:18:09.373	2026-04-27 13:18:09.373	\N
12a58b58-5160-424a-aafd-70b7f0dcf801	INV-20260427-8361	2026-04-27 13:19:34.574	52000.00	QRIS	52000.00	0.00	t	2026-04-27 13:19:37.243	2026-04-27 13:19:37.243	\N
e4be9fa9-9f3b-4763-90a3-0a92cae2b0c7	INV-20260427-7720	2026-04-27 13:22:22.882	34000.00	CASH	50000.00	16000.00	t	2026-04-27 13:22:25.689	2026-04-27 13:22:25.689	\N
e28b5fc1-fa15-40eb-8ed7-f6ec0310f080	INV-20260427-1421	2026-04-27 13:27:29.496	42000.00	CASH	50000.00	8000.00	t	2026-04-27 13:27:32.249	2026-04-27 13:27:32.249	\N
1eebbbe1-9590-4fa9-a35c-1cab090207fd	INV-20260427-3577	2026-04-27 13:29:31.037	12000.00	CASH	15000.00	3000.00	t	2026-04-27 13:29:33.729	2026-04-27 13:29:33.729	\N
a311036e-1d9b-4be1-810e-8cd18273e781	INV-20260427-1705	2026-04-27 13:31:24.177	57000.00	CASH	100000.00	43000.00	t	2026-04-27 13:31:26.327	2026-04-27 13:31:26.327	\N
9bbd131b-2c9b-45cc-b89e-2b8229ccc511	INV-20260427-7813	2026-04-27 14:06:15.544	44000.00	CASH	50000.00	6000.00	t	2026-04-27 14:06:18.236	2026-04-27 14:06:18.236	\N
01f12acb-eae6-4388-b513-f2dd3d8f22c0	INV-20260427-9534	2026-04-27 14:18:23.167	96000.00	CASH	100000.00	4000.00	t	2026-04-27 14:18:25.864	2026-04-27 14:18:25.864	\N
e7f164ba-0200-4750-bd83-4b45bb9e66ef	INV-20260427-7154	2026-04-27 15:35:32.801	105000.00	QRIS	105000.00	0.00	t	2026-04-27 15:35:34.735	2026-04-27 15:35:34.735	\N
1154d5e2-b03d-49db-9128-ad58c9288e49	INV-20260427-3791	2026-04-27 15:36:02.107	67000.00	CASH	100000.00	33000.00	t	2026-04-27 15:36:03.612	2026-04-27 15:36:03.612	\N
234353dd-e9b1-4a70-8b1c-50e3c967f5c3	INV-20260427-9909	2026-04-27 15:36:23.419	14000.00	CASH	20000.00	6000.00	t	2026-04-27 15:36:24.927	2026-04-27 15:36:24.927	\N
04e5010c-d337-4f97-97f4-d4e21a2e26cd	INV-20260427-8933	2026-04-27 15:37:02.016	72000.00	QRIS	72000.00	0.00	t	2026-04-27 15:37:03.583	2026-04-27 15:37:03.583	\N
635bffc3-54b3-4757-b078-7584018dddec	INV-20260427-8961	2026-04-27 15:37:48.98	255000.00	TRANSFER	255000.00	0.00	t	2026-04-27 15:37:50.569	2026-04-27 15:37:50.569	\N
1af0fdeb-d304-4f32-9d36-f1c01484ac17	INV-20260427-9766	2026-04-27 15:38:14.127	24000.00	CASH	50000.00	26000.00	t	2026-04-27 15:38:15.639	2026-04-27 15:38:15.639	\N
8f2cd602-d6f7-460c-8862-ff3b2fab12e6	INV-20260428-6405	2026-04-28 13:45:20.657	24000.00	CASH	50000.00	26000.00	t	2026-04-28 13:45:22.987	2026-04-28 13:54:45.163	2026-04-28 13:54:45.16
c1d06774-7b93-463b-8287-134bb4158a48	INV-20260428-6002	2026-04-28 13:50:31.029	4000.00	QRIS	4000.00	0.00	t	2026-04-28 13:50:31.888	2026-04-28 13:54:49.326	2026-04-28 13:54:49.326
33839b5b-47ab-4640-9fc3-b4401b47310c	INV-20260428-3410	2026-04-28 13:51:45.456	1000.00	QRIS	1000.00	0.00	t	2026-04-28 13:53:02.568	2026-04-28 13:55:02.443	2026-04-28 13:55:02.436
21099f51-9c55-4a31-8abd-4c0b3e0b92ae	INV-20260428-1210	2026-04-28 14:21:18.079	273000.00	CASH	300000.00	27000.00	t	2026-04-28 14:21:21.222	2026-04-28 14:21:21.222	\N
358a6d7c-c4cc-419c-9c49-c3ff8470b3f6	INV-20260428-9589	2026-04-28 14:22:27.483	24000.00	CASH	24000.00	0.00	t	2026-04-28 14:22:30.254	2026-04-28 14:22:30.254	\N
5316e8ca-34e4-4dbb-b26d-adfc8ae45c63	INV-20260428-5296	2026-04-28 14:24:21.325	48000.00	CASH	50000.00	2000.00	t	2026-04-28 14:24:24.102	2026-04-28 14:24:24.102	\N
3c6e2d8c-b1a0-43a6-a407-065135bd4809	INV-20260428-1849	2026-04-28 14:25:43.692	36000.00	CASH	50000.00	14000.00	t	2026-04-28 14:25:46.435	2026-04-28 14:25:46.435	\N
dbd17653-e365-4b0b-a726-12a9eeb140d8	INV-20260428-6914	2026-04-28 14:27:55.651	18000.00	CASH	20000.00	2000.00	t	2026-04-28 14:27:58.635	2026-04-28 14:27:58.635	\N
4d06e251-c3f1-411e-8223-aaef2474f2a8	INV-20260428-2069	2026-04-28 14:29:32.149	30000.00	QRIS	30000.00	0.00	t	2026-04-28 14:29:34.83	2026-04-28 14:29:34.83	\N
f1a9e34b-de5b-4c27-a109-4a80c17e8ecb	INV-20260428-8662	2026-04-28 14:30:27.415	36000.00	CASH	50000.00	14000.00	t	2026-04-28 14:30:30.228	2026-04-28 14:30:30.228	\N
665b17b1-d568-4c12-8535-71df8e8f9721	INV-20260428-4666	2026-04-28 14:31:54.127	20000.00	CASH	20000.00	0.00	t	2026-04-28 14:31:56.913	2026-04-28 14:31:56.913	\N
989e55e8-0531-4d05-a71c-e290d5838376	INV-20260428-6665	2026-04-28 14:33:08.782	40000.00	CASH	50000.00	10000.00	t	2026-04-28 14:33:11.492	2026-04-28 14:33:11.492	\N
ca9ebff2-7bb3-45aa-aa73-3d296d883cf1	INV-20260428-1889	2026-04-28 14:34:04.9	24000.00	CASH	25000.00	1000.00	t	2026-04-28 14:34:07.646	2026-04-28 14:34:07.646	\N
b40160cf-bc2d-4e30-809b-278cbb564e3a	INV-20260428-9663	2026-04-28 14:39:09.93	48000.00	CASH	50000.00	2000.00	t	2026-04-28 14:39:12.458	2026-04-28 14:39:12.458	\N
65a619c0-2842-4a5a-81f0-e1ff4dafdb76	INV-20260428-1724	2026-04-28 14:40:04.111	30000.00	QRIS	30000.00	0.00	t	2026-04-28 14:40:06.394	2026-04-28 14:40:06.394	\N
2d8cd83b-b704-4f14-b723-b151d4f7ed41	INV-20260428-6130	2026-04-28 14:41:50.5	52000.00	CASH	60000.00	8000.00	t	2026-04-28 14:41:53.512	2026-04-28 14:41:53.512	\N
fc35a575-ba19-4f43-9695-7e0e37086fd4	INV-20260428-5999	2026-04-28 14:55:07.093	32000.00	CASH	32000.00	0.00	t	2026-04-28 14:55:10.169	2026-04-28 14:55:10.169	\N
\.


--
-- Data for Name: TransactionItem; Type: TABLE DATA; Schema: public; Owner: -
--

COPY "public"."TransactionItem" ("id", "transactionId", "productId", "productName", "quantity", "unitPrice", "subTotal", "note") FROM stdin;
cf9c2065-ab81-433c-a5b6-cfe0c4cfcac0	bd0b807b-91a8-4da2-b382-3fb73cc812c2	65f3a54f-f6e6-4a68-8944-f8ae17679609	Mie Goreng	1	12000.00	12000.00	Bungkus
705b2f48-f429-4db1-b8c7-52c13bed9f63	bd0b807b-91a8-4da2-b382-3fb73cc812c2	65f3a54f-f6e6-4a68-8944-f8ae17679609	Mie Goreng	2	12000.00	24000.00	Pedas, Bungkus
72aa7813-bcbb-49f8-b592-c4da5c082c26	bd0b807b-91a8-4da2-b382-3fb73cc812c2	3e867b42-3522-4bf5-b296-3d7b80517d3b	Telur	2	3000.00	6000.00	\N
729b7dfb-235d-43aa-96fd-9b116cbee77b	d6ea2f9d-6b76-4d2c-9bf1-fbc2c08d763e	65f3a54f-f6e6-4a68-8944-f8ae17679609	Mie Goreng	20	12000.00	240000.00	Kuah Sedikit, Pedas Banget, Sambal Extra
45d182e2-1d29-46df-8f77-6fb5fc7608eb	d6ea2f9d-6b76-4d2c-9bf1-fbc2c08d763e	0defbad8-d841-4e95-a811-9355271951a0	Es Jeruk	2	4000.00	8000.00	Tanpa Gula
e20291db-e36f-471d-8520-e26dd027a577	d6ea2f9d-6b76-4d2c-9bf1-fbc2c08d763e	3e867b42-3522-4bf5-b296-3d7b80517d3b	Telur	5	3000.00	15000.00	\N
7b0d8e1f-7801-4d1d-86f9-bc03765466d6	d6ea2f9d-6b76-4d2c-9bf1-fbc2c08d763e	ae35a958-9393-4359-a40c-0bc869b26331	Krupuk	4	1000.00	4000.00	\N
583e3a13-3d91-4764-becc-178f3970a600	34a4d7c9-06ae-4f84-9915-6f99b89c284e	65f3a54f-f6e6-4a68-8944-f8ae17679609	Mie Goreng	1	12000.00	12000.00	Tidak Pedas, Bungkus
9ec3dcc2-ae99-45b0-8719-a2511da145fb	34a4d7c9-06ae-4f84-9915-6f99b89c284e	7b665859-3e5f-4c15-9577-088e8da75977	Mie Kuah	1	12000.00	12000.00	Bungkus, Tidak Pedas
8589f728-c0fe-4977-8faf-b56965429cda	34a4d7c9-06ae-4f84-9915-6f99b89c284e	37d09618-d64e-4f43-9cdd-831d73d37df0	Mie Nyemek	1	12000.00	12000.00	Bungkus, Tidak Pedas
7b0b54f9-5a62-4875-aa5f-366fdce11a91	34a4d7c9-06ae-4f84-9915-6f99b89c284e	d952ef9d-c5a4-4c5b-af88-0264be713100	Nasi Goreng	1	12000.00	12000.00	Bungkus, Tidak Pedas
789b12b4-1a32-4119-ada7-883ab6b7de07	34a4d7c9-06ae-4f84-9915-6f99b89c284e	e5ee3b78-1bdb-4eb9-ac68-40c181ad80ad	Nasi Mawut	1	12000.00	12000.00	Bungkus, Tidak Pedas
e7739b41-736e-4ad2-8779-52e45752aabf	34a4d7c9-06ae-4f84-9915-6f99b89c284e	6641fb46-c43c-43e2-be2b-49e96f15963b	Nasi Mie Godog	1	12000.00	12000.00	\N
fcc7e851-77e6-4e45-bdb1-5b0b73a28818	34a4d7c9-06ae-4f84-9915-6f99b89c284e	b4ecf77f-2700-4251-aaab-b2e5b6d43a43	Sop Sayur	1	12000.00	12000.00	\N
36c7ea5a-c4f7-4889-9932-9f9053ad7f06	34a4d7c9-06ae-4f84-9915-6f99b89c284e	7097335c-d2eb-4cc8-8a47-a1ec0f6b6bd6	Es Teh	13	4000.00	52000.00	\N
a7c6e37c-1b41-41b0-98ad-ecd2ba8dd711	34a4d7c9-06ae-4f84-9915-6f99b89c284e	ae35a958-9393-4359-a40c-0bc869b26331	Krupuk	3	1000.00	3000.00	\N
b902a8f1-a587-4213-bab8-e69baf66d995	34a4d7c9-06ae-4f84-9915-6f99b89c284e	3e867b42-3522-4bf5-b296-3d7b80517d3b	Telur	5	3000.00	15000.00	\N
397bd2ea-2580-4fb4-aebb-2a7180167111	bd4f6e57-2c56-4860-b750-57104786872c	0defbad8-d841-4e95-a811-9355271951a0	Es Jeruk	29	4000.00	116000.00	\N
24186f2f-f756-4f13-925e-7a0127976654	bd4f6e57-2c56-4860-b750-57104786872c	ab451486-becf-49bf-bcba-7152c369caf0	Es Strup	11	4000.00	44000.00	\N
9e267c14-488d-408c-8356-24bc5f56fdc7	bd4f6e57-2c56-4860-b750-57104786872c	7097335c-d2eb-4cc8-8a47-a1ec0f6b6bd6	Es Teh	4	4000.00	16000.00	\N
959cc7af-3e27-40b1-8877-bd7d8ee024e8	bd4f6e57-2c56-4860-b750-57104786872c	2201befb-d03b-432b-8faf-83f442b7d3b2	Jeruk Hangat	3	4000.00	12000.00	\N
645fb428-475a-4899-b47c-f3f8f9639c96	bd4f6e57-2c56-4860-b750-57104786872c	ae35a958-9393-4359-a40c-0bc869b26331	Krupuk	1	1000.00	1000.00	\N
f9ea63f7-e62d-4a19-9ba7-55b413cfa5bb	bd4f6e57-2c56-4860-b750-57104786872c	65f3a54f-f6e6-4a68-8944-f8ae17679609	Mie Goreng	2	12000.00	24000.00	\N
23f2c52a-cb7a-4d92-b261-8694f7799282	bd4f6e57-2c56-4860-b750-57104786872c	7b665859-3e5f-4c15-9577-088e8da75977	Mie Kuah	2	12000.00	24000.00	\N
1e2ec495-0f09-4bc9-a0a0-40792402fe65	bd4f6e57-2c56-4860-b750-57104786872c	37d09618-d64e-4f43-9cdd-831d73d37df0	Mie Nyemek	2	12000.00	24000.00	\N
4ca0af93-b94f-4d46-a4aa-6f56421ac6b1	bd4f6e57-2c56-4860-b750-57104786872c	d952ef9d-c5a4-4c5b-af88-0264be713100	Nasi Goreng	3	12000.00	36000.00	\N
de4098fe-ba1b-49aa-bbcd-735a917a0a78	bd4f6e57-2c56-4860-b750-57104786872c	e5ee3b78-1bdb-4eb9-ac68-40c181ad80ad	Nasi Mawut	3	12000.00	36000.00	\N
972f6d3a-986e-4dbc-a787-03a2233d4d2b	e79b69eb-7e5a-4f0f-812b-f1e6b0e6f861	65f3a54f-f6e6-4a68-8944-f8ae17679609	Mie Goreng	100	12000.00	1200000.00	\N
c1730a2f-b075-401c-9f51-080b7cf9cc18	e79b69eb-7e5a-4f0f-812b-f1e6b0e6f861	0defbad8-d841-4e95-a811-9355271951a0	Es Jeruk	500	4000.00	2000000.00	\N
c5e76ea8-3063-4ce4-8235-6fbb98cbfd9a	844bb067-99e5-4b0c-8eba-eeaba85c93c4	ab451486-becf-49bf-bcba-7152c369caf0	Es Strup	1	4000.00	4000.00	\N
c2e72572-eb6d-453b-98ab-53bf6a96b3c8	1b12ec34-b55d-4753-85d9-f8dd5d2ccadd	0defbad8-d841-4e95-a811-9355271951a0	Es Jeruk	1	4000.00	4000.00	\N
4b2ff265-f050-4cbd-9060-d29a749523cb	b88fb74b-a312-4d9e-8b3a-1f4840cbbac9	0defbad8-d841-4e95-a811-9355271951a0	Es Jeruk	7	4000.00	28000.00	\N
7729b60b-313c-4f75-a65b-75d7f493ebb3	b88fb74b-a312-4d9e-8b3a-1f4840cbbac9	7b665859-3e5f-4c15-9577-088e8da75977	Mie Kuah	2	12000.00	24000.00	\N
0d1c39e4-96fa-42ca-b0d2-deb2efecdc25	b88fb74b-a312-4d9e-8b3a-1f4840cbbac9	65f3a54f-f6e6-4a68-8944-f8ae17679609	Mie Goreng	2	12000.00	24000.00	\N
420260c5-8ba3-4bbc-a187-6cc1901b9c39	b88fb74b-a312-4d9e-8b3a-1f4840cbbac9	d952ef9d-c5a4-4c5b-af88-0264be713100	Nasi Goreng	1	12000.00	12000.00	\N
eb9eb042-3838-445c-b24f-6c91a4ee38d9	b88fb74b-a312-4d9e-8b3a-1f4840cbbac9	e5ee3b78-1bdb-4eb9-ac68-40c181ad80ad	Nasi Mawut	1	12000.00	12000.00	\N
e564bfeb-f507-40d2-a61b-ad5b4e7227dc	b88fb74b-a312-4d9e-8b3a-1f4840cbbac9	6641fb46-c43c-43e2-be2b-49e96f15963b	Nasi Mie Godog	1	12000.00	12000.00	\N
edad55c8-9118-4670-b7d8-6c28ac78e5cd	4c204515-b426-4f62-8347-6cb4fee66d42	65f3a54f-f6e6-4a68-8944-f8ae17679609	Mie Goreng	1	12000.00	12000.00	\N
77ada81d-1e46-4492-881c-12e9eb61f2aa	7c37553b-2c59-442f-a34c-41d7eb17cc29	37d09618-d64e-4f43-9cdd-831d73d37df0	Mie Nyemek	2	12000.00	24000.00	\N
b2c3be2e-5064-472d-806e-dec845f77f70	f3f33d68-2a67-42f1-b2eb-cbfaaa51a056	37d09618-d64e-4f43-9cdd-831d73d37df0	Mie Nyemek	2	12000.00	24000.00	\N
bb76d53a-3f3a-4326-880e-4882941b0dc9	9dfc4044-9c10-472a-ab6f-fca704cefb7a	65f3a54f-f6e6-4a68-8944-f8ae17679609	Mie Goreng	35	12000.00	420000.00	\N
b2a6a70e-2754-4d6e-b7e0-971891a98441	9dfc4044-9c10-472a-ab6f-fca704cefb7a	0defbad8-d841-4e95-a811-9355271951a0	Es Jeruk	31	4000.00	124000.00	\N
dc69e644-64b9-4e2b-b20c-a5acd1d658a4	9897ca04-cda4-47c4-83dd-3e00d05f5560	65f3a54f-f6e6-4a68-8944-f8ae17679609	Mie Goreng	9	12000.00	108000.00	\N
8fbb16ea-1e1f-4b74-a726-8e7a7a7c2d2d	9897ca04-cda4-47c4-83dd-3e00d05f5560	0defbad8-d841-4e95-a811-9355271951a0	Es Jeruk	42	4000.00	168000.00	\N
f2746aa8-916a-4088-9caf-b9cc1317d32f	d63bdfde-14ea-41ae-9509-44b640b86352	37d09618-d64e-4f43-9cdd-831d73d37df0	Mie Nyemek	2	12000.00	24000.00	\N
514d859b-8e6c-4780-9afe-a3c6362eaa40	d63bdfde-14ea-41ae-9509-44b640b86352	7b665859-3e5f-4c15-9577-088e8da75977	Mie Kuah	2	12000.00	24000.00	\N
00cef5be-f7ee-4561-beb0-6d35ed47ea4c	0b42b103-5093-452b-8454-68d9ad254c1c	37d09618-d64e-4f43-9cdd-831d73d37df0	Mie Nyemek	2	12000.00	24000.00	\N
3ae95d43-4ef9-4d55-8ac0-67ad78e80caa	0b42b103-5093-452b-8454-68d9ad254c1c	0defbad8-d841-4e95-a811-9355271951a0	Es Jeruk	1	4000.00	4000.00	\N
36f6337a-cf28-4cc9-8229-b96978704fa7	2f45dc8a-3702-4265-b892-63429ad661da	e5ee3b78-1bdb-4eb9-ac68-40c181ad80ad	Nasi Mawut	2	12000.00	24000.00	Pedas, Bungkus
82b05098-f569-48fa-b05c-6c7e75ca8f47	2637f1bf-1fed-475e-9e68-b5d60a5871fa	65f3a54f-f6e6-4a68-8944-f8ae17679609	Mie Goreng	4	12000.00	48000.00	Sedang
bee0a72d-5655-416c-957f-0530c388c786	52f11bee-5b26-42a9-98da-530de1014ab4	d952ef9d-c5a4-4c5b-af88-0264be713100	Nasi Goreng	4	12000.00	48000.00	Bungkus, 2 nasgor ga sayur ga pedas\n1 nasgor ga sayur pedas poll\n1 nasgor pedas
5586be8c-f945-4496-852c-1a8a60253413	52f11bee-5b26-42a9-98da-530de1014ab4	37d09618-d64e-4f43-9cdd-831d73d37df0	Mie Nyemek	1	12000.00	12000.00	Pedas
ddeb7cc6-5a49-48f6-8fcc-fa9385ef348d	5f9c3a94-3c5a-4aab-a9b9-f3b369ccd16e	d952ef9d-c5a4-4c5b-af88-0264be713100	Nasi Goreng	3	12000.00	36000.00	Bungkus, 2nasgor  tidak sayur tidak pedas\n1nasgor  tidak sayur pedas poll
b59209c5-153d-4275-8c91-5bfe0b9ece68	2d91bcee-dc27-480f-8536-963802a51fa6	d952ef9d-c5a4-4c5b-af88-0264be713100	Nasi Goreng	1	12000.00	12000.00	Bungkus, Pedas
f80d5879-34a0-4f73-9795-8c0b503e84bb	2d91bcee-dc27-480f-8536-963802a51fa6	37d09618-d64e-4f43-9cdd-831d73d37df0	Mie Nyemek	1	12000.00	12000.00	Bungkus, Pedas
c11cf735-8314-49c6-b537-26daed4405bd	51f3f4bc-7f74-42ca-a0ba-2fd7f3dadb3e	37d09618-d64e-4f43-9cdd-831d73d37df0	Mie Nyemek	1	12000.00	12000.00	pesanan \n- mi nyemek tidak sayur, tidak ayam, diganti telur beli 1 (sumer)
56cd41b6-222c-46a5-a415-8c1982f19e9d	51f3f4bc-7f74-42ca-a0ba-2fd7f3dadb3e	e5ee3b78-1bdb-4eb9-ac68-40c181ad80ad	Nasi Mawut	1	12000.00	12000.00	pesanan \n\n- nasi mawut 1 (tidak pedas)
6eace9ca-52ac-4fe7-94d7-f73e7757a50b	51f3f4bc-7f74-42ca-a0ba-2fd7f3dadb3e	3e867b42-3522-4bf5-b296-3d7b80517d3b	Telur	1	3000.00	3000.00	\N
bb517990-b023-43c2-8125-e87b7575d9bb	e8bcc7c6-7704-494d-9bae-c8a29037d54f	65f3a54f-f6e6-4a68-8944-f8ae17679609	Mie Goreng	2	12000.00	24000.00	Pedas Banget, Bungkus
be0beb3b-fd8e-4201-baad-e32723374cc8	e8bcc7c6-7704-494d-9bae-c8a29037d54f	7b665859-3e5f-4c15-9577-088e8da75977	Mie Kuah	2	12000.00	24000.00	Bungkus, Kuah Banyak
5ef6741f-b20c-405b-8e8e-88ce3f06ce64	e8bcc7c6-7704-494d-9bae-c8a29037d54f	d952ef9d-c5a4-4c5b-af88-0264be713100	Nasi Goreng	1	12000.00	12000.00	Sambal Extra, Pedas Banget
8f58ae39-2a89-4f95-8622-4b948017d7e3	d0e00582-f485-4003-a03c-6f168bfd132e	65f3a54f-f6e6-4a68-8944-f8ae17679609	Mie Goreng	1	12000.00	12000.00	\N
ef9f5605-9432-4885-be55-c0d750c0be25	edb5a220-dc58-4a14-a957-02445de4b5fe	e5ee3b78-1bdb-4eb9-ac68-40c181ad80ad	Nasi Mawut	2	12000.00	24000.00	Pedas Banget, No MSG
a1aee5bc-26b7-4b49-889a-365098790309	edb5a220-dc58-4a14-a957-02445de4b5fe	6641fb46-c43c-43e2-be2b-49e96f15963b	Nasi Mie Godog	1	12000.00	12000.00	\N
d0d6b3fa-4024-49bc-8ecc-adf1d0694971	80cea3ef-4426-4cec-b4aa-c8a4fac49aa1	6641fb46-c43c-43e2-be2b-49e96f15963b	Nasi Mie Godog	1	12000.00	12000.00	\N
2e386797-c7e1-4194-b731-bf11daf5f79c	7074e3e5-fecf-4563-8910-ec55b1b82e05	d952ef9d-c5a4-4c5b-af88-0264be713100	Nasi Goreng	1	12000.00	12000.00	Pedas
40845010-f9f0-4c2a-bc12-702c5427ebab	7074e3e5-fecf-4563-8910-ec55b1b82e05	37d09618-d64e-4f43-9cdd-831d73d37df0	Mie Nyemek	1	12000.00	12000.00	Pedas
54c7a48d-865d-44e9-808a-bcd29c80b9c3	909dc6e5-257d-4cf5-bb26-2e2127a3c966	e5ee3b78-1bdb-4eb9-ac68-40c181ad80ad	Nasi Mawut	2	12000.00	24000.00	\N
0d9805ac-d69e-4236-958d-021cadbc19f7	909dc6e5-257d-4cf5-bb26-2e2127a3c966	7097335c-d2eb-4cc8-8a47-a1ec0f6b6bd6	Es Teh	2	4000.00	8000.00	\N
35bb789f-02b9-4221-bc26-3144f6b4dbf1	909dc6e5-257d-4cf5-bb26-2e2127a3c966	ae35a958-9393-4359-a40c-0bc869b26331	Krupuk	1	1000.00	1000.00	\N
7d963298-60fe-4304-8d44-9eeffd413eb6	909dc6e5-257d-4cf5-bb26-2e2127a3c966	3e867b42-3522-4bf5-b296-3d7b80517d3b	Telur	2	3000.00	6000.00	\N
6a67d480-5426-423a-b682-d16eaa704d16	db32824c-b7b5-4928-ab37-800d85e0e305	e5ee3b78-1bdb-4eb9-ac68-40c181ad80ad	Nasi Mawut	2	12000.00	24000.00	Bungkus, Tidak Pedas
8252006a-9f7c-49c1-8937-02ead81f30ae	db32824c-b7b5-4928-ab37-800d85e0e305	6641fb46-c43c-43e2-be2b-49e96f15963b	Nasi Mie Godog	1	12000.00	12000.00	No MSG
5a3ada25-678c-4975-94d2-514319ef1fb4	9805ef51-494d-4f40-9575-ceec87901ed7	b4ecf77f-2700-4251-aaab-b2e5b6d43a43	Sop Sayur	2	12000.00	24000.00	\N
74ec57d0-3f89-41b2-8cfe-69e5450d23e8	9805ef51-494d-4f40-9575-ceec87901ed7	ac33d84e-d717-4aac-87aa-a42b2f13b765	Aqua	2	1000.00	2000.00	\N
400b8376-4418-45c3-bde7-cb2c15f478b3	9805ef51-494d-4f40-9575-ceec87901ed7	7097335c-d2eb-4cc8-8a47-a1ec0f6b6bd6	Es Teh	1	4000.00	4000.00	\N
413220a1-6d62-49a3-af81-4de0adeeedb4	2a004bf5-89f6-4ce0-a040-3f0db76ced9a	7b665859-3e5f-4c15-9577-088e8da75977	Mie Kuah	2	12000.00	24000.00	\N
a71a0e2f-423e-4f4c-944b-0bc2467867ec	2a004bf5-89f6-4ce0-a040-3f0db76ced9a	6641fb46-c43c-43e2-be2b-49e96f15963b	Nasi Mie Godog	1	12000.00	12000.00	\N
1b747021-7544-401e-a572-5aea9f487aa9	2a004bf5-89f6-4ce0-a040-3f0db76ced9a	ae35a958-9393-4359-a40c-0bc869b26331	Krupuk	2	1000.00	2000.00	\N
c1a24114-317c-409f-a9db-3daceb6ad3d9	e41a269d-0d02-4ec3-b15b-91ce6a70accd	65f3a54f-f6e6-4a68-8944-f8ae17679609	Mie Goreng	3	12000.00	36000.00	\N
c1a9407b-4792-4bae-900f-0eb6e8531a93	e41a269d-0d02-4ec3-b15b-91ce6a70accd	d952ef9d-c5a4-4c5b-af88-0264be713100	Nasi Goreng	1	12000.00	12000.00	\N
d9a04dd9-2555-47dc-a1af-d8d881e70cd1	e41a269d-0d02-4ec3-b15b-91ce6a70accd	ab451486-becf-49bf-bcba-7152c369caf0	Es Strup	2	4000.00	8000.00	\N
b9fa43a9-ba07-48a8-a9c5-062b1ad551a9	e41a269d-0d02-4ec3-b15b-91ce6a70accd	df44f68f-eecc-4bb7-bc64-a268606541bf	Teh Hangat	1	4000.00	4000.00	\N
98fa65e2-d410-4df8-9140-8dcb3f8a8a59	1855c7ed-42b6-4e19-9b2e-c23ddcf34819	0defbad8-d841-4e95-a811-9355271951a0	Es Jeruk	2	4000.00	8000.00	\N
957de4e0-8825-4e9e-aa90-54061501becf	d702345f-9fd3-489e-8e07-19bc2974f094	65f3a54f-f6e6-4a68-8944-f8ae17679609	Mie Goreng	1	12000.00	12000.00	\N
f4ccc13d-623b-4de6-ac00-a68bdc9e50c9	d702345f-9fd3-489e-8e07-19bc2974f094	3e867b42-3522-4bf5-b296-3d7b80517d3b	Telur	1	3000.00	3000.00	\N
372860d2-8597-4484-9458-dcb65b99b361	d702345f-9fd3-489e-8e07-19bc2974f094	ae35a958-9393-4359-a40c-0bc869b26331	Krupuk	1	1000.00	1000.00	\N
a4be9987-9c63-4e4c-a05a-4b7d7efb3e2a	ee182b84-badf-4be4-82f8-7fc614183eab	7b665859-3e5f-4c15-9577-088e8da75977	Mie Kuah	1	12000.00	12000.00	\N
22025423-3391-4b9d-b93b-44a897c593bb	ee182b84-badf-4be4-82f8-7fc614183eab	37d09618-d64e-4f43-9cdd-831d73d37df0	Mie Nyemek	1	12000.00	12000.00	\N
306d3649-f344-4f29-bd88-c3b2f4e3c404	ee182b84-badf-4be4-82f8-7fc614183eab	b4ecf77f-2700-4251-aaab-b2e5b6d43a43	Sop Sayur	3	12000.00	36000.00	Bungkus, Pedas
5ab28562-5eca-493b-81d1-5de8fc1b2f24	be8189c4-5038-4165-b782-8875c606695a	65f3a54f-f6e6-4a68-8944-f8ae17679609	Mie Goreng	1	12000.00	12000.00	\N
653c2c18-3153-41d1-9858-aa3236119b99	be8189c4-5038-4165-b782-8875c606695a	ae35a958-9393-4359-a40c-0bc869b26331	Krupuk	2	1000.00	2000.00	\N
026016b2-2cf9-46c7-b18e-42a7032986d2	20367783-7604-4a29-a6da-babe1c456ccd	e5ee3b78-1bdb-4eb9-ac68-40c181ad80ad	Nasi Mawut	2	12000.00	24000.00	Pedas
ea1189db-f767-484b-a60b-adb7aa895479	20367783-7604-4a29-a6da-babe1c456ccd	65f3a54f-f6e6-4a68-8944-f8ae17679609	Mie Goreng	1	12000.00	12000.00	Sedang
d9e48366-8900-4bf2-8987-e89535576633	48969fc0-8bcd-4466-8189-0b22282adf89	65f3a54f-f6e6-4a68-8944-f8ae17679609	Mie Goreng	2	12000.00	24000.00	Pedas, Bungkus
2c50454c-568e-44a2-82c9-fb4c0b2621b5	48969fc0-8bcd-4466-8189-0b22282adf89	7b665859-3e5f-4c15-9577-088e8da75977	Mie Kuah	1	12000.00	12000.00	Kuah Banyak, Sedang, Bungkus
ddaad7c6-e7ec-4e11-a128-d03718b23210	cd4e5d56-853b-4260-a054-609e11bc3519	37d09618-d64e-4f43-9cdd-831d73d37df0	Mie Nyemek	4	12000.00	48000.00	Sedang, Kecap Extra
5432e825-39e9-44c8-b44a-bbd6cacdf6de	cd4e5d56-853b-4260-a054-609e11bc3519	6641fb46-c43c-43e2-be2b-49e96f15963b	Nasi Mie Godog	1	12000.00	12000.00	Bungkus, Kuah Sedikit, Pedas
7a289b5d-ba14-40c9-a07d-fc03728fa593	47f03149-1c91-4284-98ad-9ef1c8a19e23	7b665859-3e5f-4c15-9577-088e8da75977	Mie Kuah	2	12000.00	24000.00	\N
810b4592-3101-428d-b69a-f1014d5504db	47f03149-1c91-4284-98ad-9ef1c8a19e23	65f3a54f-f6e6-4a68-8944-f8ae17679609	Mie Goreng	1	12000.00	12000.00	\N
b02b25fc-d369-4694-8fe4-04a489fdb436	47f03149-1c91-4284-98ad-9ef1c8a19e23	0defbad8-d841-4e95-a811-9355271951a0	Es Jeruk	2	4000.00	8000.00	\N
15df161f-e9c2-42c5-b6e8-a8582e0e70d6	47f03149-1c91-4284-98ad-9ef1c8a19e23	ab451486-becf-49bf-bcba-7152c369caf0	Es Strup	1	4000.00	4000.00	\N
f3b1f7bd-081f-4b94-9a4b-00dee94f2d05	47f03149-1c91-4284-98ad-9ef1c8a19e23	3e867b42-3522-4bf5-b296-3d7b80517d3b	Telur	1	3000.00	3000.00	\N
05158e94-3cc3-42c3-ad1c-8d906bfaab13	47f03149-1c91-4284-98ad-9ef1c8a19e23	ae35a958-9393-4359-a40c-0bc869b26331	Krupuk	2	1000.00	2000.00	\N
347fbff1-1a1a-4955-b47f-6a6e637f7129	231ac87f-eefd-4694-9b45-eefc32a7945b	7b665859-3e5f-4c15-9577-088e8da75977	Mie Kuah	1	12000.00	12000.00	\N
a649ec65-e5a0-4ec8-a0f0-585878a542ed	231ac87f-eefd-4694-9b45-eefc32a7945b	ae35a958-9393-4359-a40c-0bc869b26331	Krupuk	1	1000.00	1000.00	\N
2bd8e3ae-5665-44c1-a8da-f64429e0a5e8	6b8c93a1-c496-450e-a675-0bfd673babbc	65f3a54f-f6e6-4a68-8944-f8ae17679609	Mie Goreng	2	12000.00	24000.00	Bungkus, Sedang
452366b4-e7b1-408a-8717-9e2a15fb0511	6b8c93a1-c496-450e-a675-0bfd673babbc	e5ee3b78-1bdb-4eb9-ac68-40c181ad80ad	Nasi Mawut	2	12000.00	24000.00	Bungkus, Pedas Banget
e52dcade-9f28-4a4a-a831-e82f7fc7ba1f	6b8c93a1-c496-450e-a675-0bfd673babbc	df44f68f-eecc-4bb7-bc64-a268606541bf	Teh Hangat	1	4000.00	4000.00	Tanpa Gula
af67df0a-b14b-401c-919a-2ee48b9d5736	6b8c93a1-c496-450e-a675-0bfd673babbc	ab451486-becf-49bf-bcba-7152c369caf0	Es Strup	1	4000.00	4000.00	Extra Es
095b51d8-222b-41bd-842e-cc0f116406d6	6b8c93a1-c496-450e-a675-0bfd673babbc	3e867b42-3522-4bf5-b296-3d7b80517d3b	Telur	3	3000.00	9000.00	\N
210464c7-0adb-4668-97a0-5cd3ada2677a	0677624b-132a-4ccc-9d3b-7a76f90ecc48	7b665859-3e5f-4c15-9577-088e8da75977	Mie Kuah	1	12000.00	12000.00	\N
65b83548-b7d8-4bd3-bb31-751bd2458aad	0677624b-132a-4ccc-9d3b-7a76f90ecc48	0defbad8-d841-4e95-a811-9355271951a0	Es Jeruk	1	4000.00	4000.00	\N
8ef6a66e-7c37-4795-ae62-4f8e40aa6403	0677624b-132a-4ccc-9d3b-7a76f90ecc48	ae35a958-9393-4359-a40c-0bc869b26331	Krupuk	1	1000.00	1000.00	\N
47c1c1e7-179b-4fb7-9917-cfebd72f4629	7ec49681-070c-4498-86e0-d006be7ef7db	e5ee3b78-1bdb-4eb9-ac68-40c181ad80ad	Nasi Mawut	2	12000.00	24000.00	\N
72b8958a-005b-4e89-a27f-2b640450c360	7ec49681-070c-4498-86e0-d006be7ef7db	ac33d84e-d717-4aac-87aa-a42b2f13b765	Aqua	2	1000.00	2000.00	\N
1e585eae-1d1a-4046-a523-1fbb3cd81631	7ec49681-070c-4498-86e0-d006be7ef7db	ae35a958-9393-4359-a40c-0bc869b26331	Krupuk	1	1000.00	1000.00	\N
15613bb2-a732-4b93-8e88-d67fd4f2c3ad	a1e49071-3576-41a4-8a08-8be57a93e16a	65f3a54f-f6e6-4a68-8944-f8ae17679609	Mie Goreng	1	12000.00	12000.00	\N
f4fc485d-33ca-4288-b9f4-433a2701adbc	a1e49071-3576-41a4-8a08-8be57a93e16a	7b665859-3e5f-4c15-9577-088e8da75977	Mie Kuah	1	12000.00	12000.00	\N
bde3eb34-1377-4e21-a893-2b7393db567f	70d9a03f-91df-4f9a-a88f-d72a6be90a15	7b665859-3e5f-4c15-9577-088e8da75977	Mie Kuah	1	12000.00	12000.00	\N
61b7e2e4-6c28-43bf-a49d-46e68f25f02c	70d9a03f-91df-4f9a-a88f-d72a6be90a15	65f3a54f-f6e6-4a68-8944-f8ae17679609	Mie Goreng	1	12000.00	12000.00	\N
a1d00466-bfb3-437d-bd02-9d261c6b1425	70d9a03f-91df-4f9a-a88f-d72a6be90a15	d952ef9d-c5a4-4c5b-af88-0264be713100	Nasi Goreng	3	12000.00	36000.00	\N
0b186f1d-3bc4-493c-adff-af50afff870c	9c1fc0e1-6c2d-44e4-9192-fe607836f567	7b665859-3e5f-4c15-9577-088e8da75977	Mie Kuah	1	12000.00	12000.00	\N
09f8198b-13de-4401-a2b1-1da407ff072d	9c1fc0e1-6c2d-44e4-9192-fe607836f567	37d09618-d64e-4f43-9cdd-831d73d37df0	Mie Nyemek	1	12000.00	12000.00	\N
581d1bd2-62c3-44e1-bc50-060d6e488d79	7e770137-4289-4386-b1b7-2470bab71d67	65f3a54f-f6e6-4a68-8944-f8ae17679609	Mie Goreng	2	12000.00	24000.00	\N
9960dca3-8e33-4aad-8b26-777d97f3eef9	7e770137-4289-4386-b1b7-2470bab71d67	0defbad8-d841-4e95-a811-9355271951a0	Es Jeruk	2	4000.00	8000.00	\N
cd664f7b-0616-460d-84f5-71841f649381	7e770137-4289-4386-b1b7-2470bab71d67	ae35a958-9393-4359-a40c-0bc869b26331	Krupuk	2	1000.00	2000.00	\N
43732b4b-5e09-40d8-a491-2627fdce5eeb	5d6c7897-bb40-401b-9d90-ccfd7c845145	d952ef9d-c5a4-4c5b-af88-0264be713100	Nasi Goreng	5	12000.00	60000.00	\N
b31d77c7-3b64-4f98-a549-994ab73a6404	5d6c7897-bb40-401b-9d90-ccfd7c845145	3e867b42-3522-4bf5-b296-3d7b80517d3b	Telur	5	3000.00	15000.00	\N
5f30bb48-8c07-4e40-88d1-886fb2af2f9c	d96e18ab-9893-41c3-ad86-71bd8cee8e84	37d09618-d64e-4f43-9cdd-831d73d37df0	Mie Nyemek	1	12000.00	12000.00	\N
0f636bfa-c4d2-44e3-9459-b98c3dcd712e	d96e18ab-9893-41c3-ad86-71bd8cee8e84	d952ef9d-c5a4-4c5b-af88-0264be713100	Nasi Goreng	1	12000.00	12000.00	\N
76174809-2545-46ea-b79b-06b1549aced7	d96e18ab-9893-41c3-ad86-71bd8cee8e84	ae35a958-9393-4359-a40c-0bc869b26331	Krupuk	1	1000.00	1000.00	\N
8f5c8649-68fa-4e19-9195-0516e2e3608d	d96e18ab-9893-41c3-ad86-71bd8cee8e84	ac33d84e-d717-4aac-87aa-a42b2f13b765	Aqua	2	1000.00	2000.00	\N
d61eba8e-8aa3-4b2e-a2e2-81b8dae51eb2	ba2ca106-e136-4bcd-872f-6d739a04d147	e5ee3b78-1bdb-4eb9-ac68-40c181ad80ad	Nasi Mawut	2	12000.00	24000.00	\N
c2dfcce7-e96b-4594-bdae-d887bea4177b	ba2ca106-e136-4bcd-872f-6d739a04d147	37d09618-d64e-4f43-9cdd-831d73d37df0	Mie Nyemek	1	12000.00	12000.00	\N
21e2be2a-8044-4787-a25a-fbc74d237d02	aedd08a4-91d5-4334-a274-c8f74acaeec2	e5ee3b78-1bdb-4eb9-ac68-40c181ad80ad	Nasi Mawut	1	12000.00	12000.00	\N
233cde06-faf1-408d-a914-6979fa5fcdc0	aedd08a4-91d5-4334-a274-c8f74acaeec2	2201befb-d03b-432b-8faf-83f442b7d3b2	Jeruk Hangat	1	4000.00	4000.00	\N
84d7203d-505c-4251-8163-39b66fb521a1	2f472bcf-22a2-4a48-8926-1e3dee0329c4	7b665859-3e5f-4c15-9577-088e8da75977	Mie Kuah	2	12000.00	24000.00	Bungkus, Pedas
8411f741-5cc8-4576-8885-72ceadd0b919	2f472bcf-22a2-4a48-8926-1e3dee0329c4	37d09618-d64e-4f43-9cdd-831d73d37df0	Mie Nyemek	1	12000.00	12000.00	Tidak Pedas, Bungkus
15387224-dff4-4451-99dc-a50a3aaf4e2d	2f472bcf-22a2-4a48-8926-1e3dee0329c4	ab451486-becf-49bf-bcba-7152c369caf0	Es Strup	2	4000.00	8000.00	Sedikit Es
30b1e44a-2519-42f8-bb39-43d8158870d4	2f472bcf-22a2-4a48-8926-1e3dee0329c4	7097335c-d2eb-4cc8-8a47-a1ec0f6b6bd6	Es Teh	1	4000.00	4000.00	Extra Es
ce00e0d1-291d-4eca-9401-38ad39d89af8	851de471-c705-4871-9be6-46b20e182186	7b665859-3e5f-4c15-9577-088e8da75977	Mie Kuah	1	12000.00	12000.00	\N
c632388c-1dc8-4c26-b365-350b8aaebd4a	851de471-c705-4871-9be6-46b20e182186	7097335c-d2eb-4cc8-8a47-a1ec0f6b6bd6	Es Teh	1	4000.00	4000.00	\N
99d2be13-a606-4242-8e7d-1075102029b0	851de471-c705-4871-9be6-46b20e182186	ae35a958-9393-4359-a40c-0bc869b26331	Krupuk	1	1000.00	1000.00	\N
35cd5567-ac41-4d2f-94f7-858894e75be9	0ecf79b1-bc17-42ee-9acd-e3756dab2d34	65f3a54f-f6e6-4a68-8944-f8ae17679609	Mie Goreng	3	12000.00	36000.00	Bungkus, Tidak Pedas
16229755-64df-4168-9a89-a7855d8c63de	0ecf79b1-bc17-42ee-9acd-e3756dab2d34	7b665859-3e5f-4c15-9577-088e8da75977	Mie Kuah	1	12000.00	12000.00	Kuah Sedikit, Bungkus, Sedang
7918b802-e77e-443b-8684-c4ba5421bb14	0ecf79b1-bc17-42ee-9acd-e3756dab2d34	37d09618-d64e-4f43-9cdd-831d73d37df0	Mie Nyemek	1	12000.00	12000.00	Bungkus, Pedas Banget
7464a993-32a6-4a8e-83fc-18ed442b70d9	c35cdc14-26d6-4660-9902-7a311304c051	65f3a54f-f6e6-4a68-8944-f8ae17679609	Mie Goreng	1	12000.00	12000.00	\N
c5d30e5a-4ba0-4809-b1df-ab14c44ed581	c35cdc14-26d6-4660-9902-7a311304c051	7b665859-3e5f-4c15-9577-088e8da75977	Mie Kuah	4	12000.00	48000.00	\N
f61337ce-2955-4323-a05c-cc51cf4adddc	c35cdc14-26d6-4660-9902-7a311304c051	3e867b42-3522-4bf5-b296-3d7b80517d3b	Telur	5	3000.00	15000.00	\N
d1c34261-41a5-4a22-9e0b-ac6cef0b5a01	473f70f6-8167-46b2-a75c-dc583f4e2045	65f3a54f-f6e6-4a68-8944-f8ae17679609	Mie Goreng	1	12000.00	12000.00	Bungkus, Sedang
4c7f47f7-6c86-4d75-a79a-8be5d2f480ca	473f70f6-8167-46b2-a75c-dc583f4e2045	7b665859-3e5f-4c15-9577-088e8da75977	Mie Kuah	4	12000.00	48000.00	Pedas, Kuah Sedikit, Bungkus
25d9e8dd-7848-4db1-8159-69b7a536daf7	98113240-efdf-49dd-9085-5f3310d6c0dc	65f3a54f-f6e6-4a68-8944-f8ae17679609	Mie Goreng	3	12000.00	36000.00	\N
3c339d53-53f3-4a22-aa8f-94d76f19ca88	98113240-efdf-49dd-9085-5f3310d6c0dc	0defbad8-d841-4e95-a811-9355271951a0	Es Jeruk	1	4000.00	4000.00	\N
156aa021-60cb-4953-aabc-6abdb0745979	98113240-efdf-49dd-9085-5f3310d6c0dc	ab451486-becf-49bf-bcba-7152c369caf0	Es Strup	1	4000.00	4000.00	\N
dd5aae43-f7f8-405e-bdff-2cd1685ebe40	98113240-efdf-49dd-9085-5f3310d6c0dc	7097335c-d2eb-4cc8-8a47-a1ec0f6b6bd6	Es Teh	1	4000.00	4000.00	\N
ee68c756-3f47-4e9c-ad83-5f7425d1310d	98113240-efdf-49dd-9085-5f3310d6c0dc	3e867b42-3522-4bf5-b296-3d7b80517d3b	Telur	2	3000.00	6000.00	\N
239f881b-6ba7-4bab-9c02-e7586d6c39ea	98113240-efdf-49dd-9085-5f3310d6c0dc	ae35a958-9393-4359-a40c-0bc869b26331	Krupuk	1	1000.00	1000.00	\N
22fca738-3d92-4b92-9515-8ea9ae94f200	d9173e3d-bae4-4308-8f73-f30045d6e73e	d952ef9d-c5a4-4c5b-af88-0264be713100	Nasi Goreng	10	12000.00	120000.00	\N
65fdc3b1-cf0c-447e-bf8f-9a2997bf70f5	17bf76ef-08a0-4703-b2cd-77379d214e25	e5ee3b78-1bdb-4eb9-ac68-40c181ad80ad	Nasi Mawut	2	12000.00	24000.00	\N
1df06ecb-9b29-4f56-926e-a658cb7100fa	17bf76ef-08a0-4703-b2cd-77379d214e25	ae35a958-9393-4359-a40c-0bc869b26331	Krupuk	2	1000.00	2000.00	\N
730148fb-2944-4b9f-afe5-9e7507536951	17bf76ef-08a0-4703-b2cd-77379d214e25	ab451486-becf-49bf-bcba-7152c369caf0	Es Strup	2	4000.00	8000.00	\N
cfed82a5-b7de-402b-88ab-c75b99b32c7f	8c71b719-350e-451b-9b2b-a2c3b22234fd	e5ee3b78-1bdb-4eb9-ac68-40c181ad80ad	Nasi Mawut	2	12000.00	24000.00	\N
0a834894-42df-413a-8eed-6d508d04d7fa	8c71b719-350e-451b-9b2b-a2c3b22234fd	d952ef9d-c5a4-4c5b-af88-0264be713100	Nasi Goreng	2	12000.00	24000.00	\N
134bd067-2926-4eda-ad3e-68da25fc671c	8c71b719-350e-451b-9b2b-a2c3b22234fd	37d09618-d64e-4f43-9cdd-831d73d37df0	Mie Nyemek	3	12000.00	36000.00	\N
43293f1f-0480-42ea-8014-edccf8423793	478e96ca-3eba-4c60-aa1c-f8fa26cc59ef	b4ecf77f-2700-4251-aaab-b2e5b6d43a43	Sop Sayur	2	12000.00	24000.00	Pedas, Bungkus, Kuah Banyak
80c9af2e-dd4b-4acd-acfb-d394d0a2f881	c9d80b9b-0f0f-4579-84d1-6c2cfee1a844	65f3a54f-f6e6-4a68-8944-f8ae17679609	Mie Goreng	2	12000.00	24000.00	\N
07958f03-8d65-4fc5-94b6-c8c324a98fe0	c9d80b9b-0f0f-4579-84d1-6c2cfee1a844	3e867b42-3522-4bf5-b296-3d7b80517d3b	Telur	1	3000.00	3000.00	\N
91399522-abf9-44c1-abe2-50e7edd8b0e1	c9d80b9b-0f0f-4579-84d1-6c2cfee1a844	ae35a958-9393-4359-a40c-0bc869b26331	Krupuk	2	1000.00	2000.00	\N
54901feb-be03-4642-8218-b84b834beb1a	ae26fcde-4af6-4ffc-9ce2-026a58a1367e	65f3a54f-f6e6-4a68-8944-f8ae17679609	Mie Goreng	2	12000.00	24000.00	Tidak Pedas, Bungkus
39448d0a-1856-4f67-b12c-fda018e1099c	ae26fcde-4af6-4ffc-9ce2-026a58a1367e	7b665859-3e5f-4c15-9577-088e8da75977	Mie Kuah	1	12000.00	12000.00	Pedas Banget, Bungkus
5e3fb528-8663-410b-acdc-9a3f904f53b5	31e1b4b6-6be1-4458-bff6-f74825b98a28	d952ef9d-c5a4-4c5b-af88-0264be713100	Nasi Goreng	4	12000.00	48000.00	\N
050da150-564f-4a58-9a18-9c8239a44d5a	31e1b4b6-6be1-4458-bff6-f74825b98a28	e5ee3b78-1bdb-4eb9-ac68-40c181ad80ad	Nasi Mawut	2	12000.00	24000.00	\N
1709834d-363c-4487-8e28-1388832302e1	31e1b4b6-6be1-4458-bff6-f74825b98a28	3e867b42-3522-4bf5-b296-3d7b80517d3b	Telur	6	3000.00	18000.00	\N
eb07b72c-6223-4724-af73-e91bc9f221ff	3e32eab0-9c5d-43f8-beb0-06988ed8c559	65f3a54f-f6e6-4a68-8944-f8ae17679609	Mie Goreng	10	12000.00	120000.00	\N
f153dd33-8ea2-4d5f-8447-c5b9789b5c59	ad603a1e-ee34-43e7-8805-50cffdc9c3dc	65f3a54f-f6e6-4a68-8944-f8ae17679609	Mie Goreng	3	12000.00	36000.00	Sedang, Bungkus
1ef9944f-001e-4844-8399-f8fe7c233e31	e7eb6f85-15d4-4cd7-b35d-7f1c68ed0acd	7b665859-3e5f-4c15-9577-088e8da75977	Mie Kuah	2	12000.00	24000.00	\N
623661e0-0154-440c-bc72-923367fab3b3	e7eb6f85-15d4-4cd7-b35d-7f1c68ed0acd	df44f68f-eecc-4bb7-bc64-a268606541bf	Teh Hangat	2	4000.00	8000.00	\N
c2d82d13-2608-478d-80cd-cc30fdf59a9b	e7eb6f85-15d4-4cd7-b35d-7f1c68ed0acd	ae35a958-9393-4359-a40c-0bc869b26331	Krupuk	2	1000.00	2000.00	\N
edf2392c-4d3f-4066-9f35-09c621f9b61f	d2c638ca-866d-4e78-9942-be046a659ef5	e5ee3b78-1bdb-4eb9-ac68-40c181ad80ad	Nasi Mawut	4	12000.00	48000.00	\N
2099aefd-e5d9-4e70-845f-6d1c43bce166	d2c638ca-866d-4e78-9942-be046a659ef5	ab451486-becf-49bf-bcba-7152c369caf0	Es Strup	2	4000.00	8000.00	\N
ae82e95b-426f-480f-8c5d-8183ab01baee	5712fcc5-0a39-4569-a4f8-4190ae671efb	d952ef9d-c5a4-4c5b-af88-0264be713100	Nasi Goreng	2	12000.00	24000.00	\N
4708c522-d71d-44fa-b4f6-e8cb09dbe077	5712fcc5-0a39-4569-a4f8-4190ae671efb	2201befb-d03b-432b-8faf-83f442b7d3b2	Jeruk Hangat	2	4000.00	8000.00	\N
83f66e40-6414-4b57-9b27-3777e53798db	5712fcc5-0a39-4569-a4f8-4190ae671efb	ae35a958-9393-4359-a40c-0bc869b26331	Krupuk	4	1000.00	4000.00	\N
33048f50-8a90-4e22-ad10-7957b5078693	d49f52ec-71b4-4857-a4c0-4188174c54a3	37d09618-d64e-4f43-9cdd-831d73d37df0	Mie Nyemek	1	12000.00	12000.00	\N
ad9f54e1-8be6-476c-9ce8-8d0a575c4aab	d49f52ec-71b4-4857-a4c0-4188174c54a3	d952ef9d-c5a4-4c5b-af88-0264be713100	Nasi Goreng	1	12000.00	12000.00	\N
0b9691e4-c185-429d-9d2e-ae5dc2d3c4ff	d49f52ec-71b4-4857-a4c0-4188174c54a3	6641fb46-c43c-43e2-be2b-49e96f15963b	Nasi Mie Godog	1	12000.00	12000.00	\N
0dbb0c41-9a63-44ae-b851-6f36e51f4b8c	d49f52ec-71b4-4857-a4c0-4188174c54a3	3e867b42-3522-4bf5-b296-3d7b80517d3b	Telur	3	3000.00	9000.00	\N
4a02abae-6fa4-4f85-bb27-5e5435de9642	1756d204-a729-4521-8cee-56acc476a8b8	d952ef9d-c5a4-4c5b-af88-0264be713100	Nasi Goreng	4	12000.00	48000.00	Pedas, Bungkus
d9f99384-3e07-4ef2-8266-e18a07bead2a	1756d204-a729-4521-8cee-56acc476a8b8	3e867b42-3522-4bf5-b296-3d7b80517d3b	Telur	2	3000.00	6000.00	\N
49c1acb9-1086-4dae-b185-08e251edcbf6	ad1c073c-adbf-4152-8742-892ef18c3dcc	65f3a54f-f6e6-4a68-8944-f8ae17679609	Mie Goreng	2	12000.00	24000.00	Tidak Pedas
30cfbf48-b879-46e0-811a-89a7afd95847	ad1c073c-adbf-4152-8742-892ef18c3dcc	7b665859-3e5f-4c15-9577-088e8da75977	Mie Kuah	2	12000.00	24000.00	Pedas
be211c99-36e6-4171-ba1b-a39282f9be7d	a657cb94-26bb-4de7-82c6-8b6c4534d96e	d952ef9d-c5a4-4c5b-af88-0264be713100	Nasi Goreng	1	12000.00	12000.00	Pedas, Bungkus
26896ba4-d8ca-4b77-b3bc-2b1467e03854	a657cb94-26bb-4de7-82c6-8b6c4534d96e	65f3a54f-f6e6-4a68-8944-f8ae17679609	Mie Goreng	1	12000.00	12000.00	Tidak Pedas, Bungkus
ac977d27-75df-47bc-b4d6-86f5e10a96fd	fd559889-a17e-4392-808b-fd000774101e	7b665859-3e5f-4c15-9577-088e8da75977	Mie Kuah	1	12000.00	12000.00	Sedang, Bungkus, Pisah, Kuah Banyak
89195937-69c9-45ba-b1c5-b5c123dd3378	fd559889-a17e-4392-808b-fd000774101e	d952ef9d-c5a4-4c5b-af88-0264be713100	Nasi Goreng	1	12000.00	12000.00	Tidak Pedas, Bungkus, No MSG
64d37bbe-6f66-42f0-b930-f039d1c5b833	33d352ae-8925-4b2e-ad08-9db410d76d15	e5ee3b78-1bdb-4eb9-ac68-40c181ad80ad	Nasi Mawut	1	12000.00	12000.00	Sedang, Bungkus
442fc5cb-6e22-4b3d-b09a-cfc4f5a9941a	33d352ae-8925-4b2e-ad08-9db410d76d15	d952ef9d-c5a4-4c5b-af88-0264be713100	Nasi Goreng	1	12000.00	12000.00	Pedas Banget, Bungkus
a7c74d2b-1ccd-49ba-accf-277f41c80e54	a0719642-658b-420c-b5b8-cd5ade88e0ff	37d09618-d64e-4f43-9cdd-831d73d37df0	Mie Nyemek	2	12000.00	24000.00	Pedas Banget, Bungkus
1b3e59dc-2433-4cbc-a766-aee9f057d12b	333d37ab-1c94-4121-8c49-be8002519ccf	e5ee3b78-1bdb-4eb9-ac68-40c181ad80ad	Nasi Mawut	1	12000.00	12000.00	\N
551e438b-d428-42df-98df-898bebe2bb57	5401ef2f-4b19-4288-bd5c-288a0161f8e1	e5ee3b78-1bdb-4eb9-ac68-40c181ad80ad	Nasi Mawut	2	12000.00	24000.00	Tidak Pedas, Bungkus
b4e2237a-2141-4f0f-9a40-d59d966c6583	5401ef2f-4b19-4288-bd5c-288a0161f8e1	d952ef9d-c5a4-4c5b-af88-0264be713100	Nasi Goreng	1	12000.00	12000.00	Pedas, Bungkus
ad576e6f-393f-41c8-8ac9-b69dd48be228	731cb788-5f55-4e0b-a770-5a5c6ffeffc1	e5ee3b78-1bdb-4eb9-ac68-40c181ad80ad	Nasi Mawut	1	12000.00	12000.00	Pedas
347d82dd-f37e-42ca-9e7b-3812b0a1265f	12a58b58-5160-424a-aafd-70b7f0dcf801	e5ee3b78-1bdb-4eb9-ac68-40c181ad80ad	Nasi Mawut	1	12000.00	12000.00	Tidak Pedas
d2c905df-3df0-4d2a-8d5f-75205f52bc47	12a58b58-5160-424a-aafd-70b7f0dcf801	d952ef9d-c5a4-4c5b-af88-0264be713100	Nasi Goreng	2	12000.00	24000.00	Tidak Pedas
01303836-599a-418b-a134-1f98841bcd9a	12a58b58-5160-424a-aafd-70b7f0dcf801	0defbad8-d841-4e95-a811-9355271951a0	Es Jeruk	4	4000.00	16000.00	\N
170db4c1-1f4c-4504-ae07-e4774b08e97a	e4be9fa9-9f3b-4763-90a3-0a92cae2b0c7	37d09618-d64e-4f43-9cdd-831d73d37df0	Mie Nyemek	1	12000.00	12000.00	Sedang
8606c4db-520b-4298-8b74-68ef043db82a	e4be9fa9-9f3b-4763-90a3-0a92cae2b0c7	e5ee3b78-1bdb-4eb9-ac68-40c181ad80ad	Nasi Mawut	1	12000.00	12000.00	Sedang
10249f0e-59f1-4489-81f3-f3e26d4a93a9	e4be9fa9-9f3b-4763-90a3-0a92cae2b0c7	ab451486-becf-49bf-bcba-7152c369caf0	Es Strup	2	4000.00	8000.00	\N
8ad68d75-4ba7-4c15-beb5-065d3d2df108	e4be9fa9-9f3b-4763-90a3-0a92cae2b0c7	ae35a958-9393-4359-a40c-0bc869b26331	Krupuk	2	1000.00	2000.00	\N
7cd01094-3f4c-4b87-a92e-6b039c4bef0f	e28b5fc1-fa15-40eb-8ed7-f6ec0310f080	e5ee3b78-1bdb-4eb9-ac68-40c181ad80ad	Nasi Mawut	2	12000.00	24000.00	Pedas
63093450-cf93-4fd3-8684-cc84fe11d38b	e28b5fc1-fa15-40eb-8ed7-f6ec0310f080	7097335c-d2eb-4cc8-8a47-a1ec0f6b6bd6	Es Teh	1	4000.00	4000.00	\N
53d3d66f-d813-42da-ab5b-75e21bfa8f7b	e28b5fc1-fa15-40eb-8ed7-f6ec0310f080	ab451486-becf-49bf-bcba-7152c369caf0	Es Strup	1	4000.00	4000.00	\N
9648f7a1-5db8-495b-8b6a-330293e668e4	e28b5fc1-fa15-40eb-8ed7-f6ec0310f080	3e867b42-3522-4bf5-b296-3d7b80517d3b	Telur	3	3000.00	9000.00	\N
e642d2c9-6166-417e-a03a-5325842e38a4	e28b5fc1-fa15-40eb-8ed7-f6ec0310f080	ac33d84e-d717-4aac-87aa-a42b2f13b765	Aqua	1	1000.00	1000.00	\N
461e1482-c03f-4def-9f98-774feb03c2bf	1eebbbe1-9590-4fa9-a35c-1cab090207fd	0defbad8-d841-4e95-a811-9355271951a0	Es Jeruk	3	4000.00	12000.00	Extra Es
d1496d4a-0bbc-415e-a5cd-3c84c285cef5	a311036e-1d9b-4be1-810e-8cd18273e781	7b665859-3e5f-4c15-9577-088e8da75977	Mie Kuah	1	12000.00	12000.00	Tidak Pedas
2c4d4cdd-b2cf-4612-aded-d9bfca024c8c	a311036e-1d9b-4be1-810e-8cd18273e781	d952ef9d-c5a4-4c5b-af88-0264be713100	Nasi Goreng	1	12000.00	12000.00	Pedas
fc5744cd-05fe-4793-9e84-b5113b836735	a311036e-1d9b-4be1-810e-8cd18273e781	37d09618-d64e-4f43-9cdd-831d73d37df0	Mie Nyemek	1	12000.00	12000.00	Pedas
ea92f78a-3218-4763-aa72-4514c2912ab5	a311036e-1d9b-4be1-810e-8cd18273e781	65f3a54f-f6e6-4a68-8944-f8ae17679609	Mie Goreng	1	12000.00	12000.00	Pedas
5febeb48-4470-458f-a1de-f74e0c24751f	a311036e-1d9b-4be1-810e-8cd18273e781	ac33d84e-d717-4aac-87aa-a42b2f13b765	Aqua	1	1000.00	1000.00	\N
a79277ef-f928-4e71-8243-9618c120cf9b	a311036e-1d9b-4be1-810e-8cd18273e781	7097335c-d2eb-4cc8-8a47-a1ec0f6b6bd6	Es Teh	1	4000.00	4000.00	\N
d09b1117-4c3e-4f5d-84f7-30230eb41e07	a311036e-1d9b-4be1-810e-8cd18273e781	ae35a958-9393-4359-a40c-0bc869b26331	Krupuk	4	1000.00	4000.00	\N
1ce69a8b-f03a-4e2e-b073-209c532bc220	9bbd131b-2c9b-45cc-b89e-2b8229ccc511	2201befb-d03b-432b-8faf-83f442b7d3b2	Jeruk Hangat	1	4000.00	4000.00	\N
789c2e61-f7e2-409c-aff8-eed8035b3dba	9bbd131b-2c9b-45cc-b89e-2b8229ccc511	ac33d84e-d717-4aac-87aa-a42b2f13b765	Aqua	1	1000.00	1000.00	\N
81004172-4be8-4e51-b7db-e0fb31928639	9bbd131b-2c9b-45cc-b89e-2b8229ccc511	d952ef9d-c5a4-4c5b-af88-0264be713100	Nasi Goreng	3	12000.00	36000.00	Tidak Pedas
b32493bf-2906-4330-8159-10a1194369c5	9bbd131b-2c9b-45cc-b89e-2b8229ccc511	ae35a958-9393-4359-a40c-0bc869b26331	Krupuk	3	1000.00	3000.00	\N
91cec2e5-0514-47ed-a255-ea9d181c83e1	01f12acb-eae6-4388-b513-f2dd3d8f22c0	d952ef9d-c5a4-4c5b-af88-0264be713100	Nasi Goreng	8	12000.00	96000.00	Sedang, Bungkus
4c6f55f7-b361-48a7-965d-be0b66df9d7e	e7f164ba-0200-4750-bd83-4b45bb9e66ef	65f3a54f-f6e6-4a68-8944-f8ae17679609	Mie Goreng	2	12000.00	24000.00	Bungkus, Sedang
38d8c172-d8b3-4425-a07c-dbfb7f74f83c	e7f164ba-0200-4750-bd83-4b45bb9e66ef	d952ef9d-c5a4-4c5b-af88-0264be713100	Nasi Goreng	5	12000.00	60000.00	Bungkus, Pedas
53de15df-ee32-4a33-af55-54a1437fdfde	e7f164ba-0200-4750-bd83-4b45bb9e66ef	3e867b42-3522-4bf5-b296-3d7b80517d3b	Telur	7	3000.00	21000.00	Bungkus
de8d857e-ea74-4c7d-b1f2-a361df01761e	1154d5e2-b03d-49db-9128-ad58c9288e49	d952ef9d-c5a4-4c5b-af88-0264be713100	Nasi Goreng	4	12000.00	48000.00	\N
115ba206-ede4-4bac-9d48-a68220e9b064	1154d5e2-b03d-49db-9128-ad58c9288e49	7097335c-d2eb-4cc8-8a47-a1ec0f6b6bd6	Es Teh	2	4000.00	8000.00	\N
f2ded0b4-ecc8-4816-be03-f864344e16e6	1154d5e2-b03d-49db-9128-ad58c9288e49	df44f68f-eecc-4bb7-bc64-a268606541bf	Teh Hangat	1	4000.00	4000.00	\N
38a084c7-d1f4-4342-a52a-af284ff80ee7	1154d5e2-b03d-49db-9128-ad58c9288e49	ab451486-becf-49bf-bcba-7152c369caf0	Es Strup	1	4000.00	4000.00	\N
3ce31be3-91e2-4fb4-8639-434b2a0f984b	1154d5e2-b03d-49db-9128-ad58c9288e49	ae35a958-9393-4359-a40c-0bc869b26331	Krupuk	3	1000.00	3000.00	\N
19f0f79f-85df-42dd-a644-f22126f75e8b	234353dd-e9b1-4a70-8b1c-50e3c967f5c3	65f3a54f-f6e6-4a68-8944-f8ae17679609	Mie Goreng	1	12000.00	12000.00	\N
1de6ccf0-152d-488e-b782-dbe5fa840900	234353dd-e9b1-4a70-8b1c-50e3c967f5c3	ac33d84e-d717-4aac-87aa-a42b2f13b765	Aqua	2	1000.00	2000.00	\N
8822b71c-04c9-414a-aee4-933df5444e56	04e5010c-d337-4f97-97f4-d4e21a2e26cd	b4ecf77f-2700-4251-aaab-b2e5b6d43a43	Sop Sayur	2	12000.00	24000.00	Bungkus, Kuah Sedikit
030aab23-6034-489c-82f7-e0e9b941d007	04e5010c-d337-4f97-97f4-d4e21a2e26cd	e5ee3b78-1bdb-4eb9-ac68-40c181ad80ad	Nasi Mawut	2	12000.00	24000.00	Bungkus, Sedang
3c5bfd9f-5754-409b-a724-9ec2a784a931	04e5010c-d337-4f97-97f4-d4e21a2e26cd	6641fb46-c43c-43e2-be2b-49e96f15963b	Nasi Mie Godog	2	12000.00	24000.00	Pedas
1b93e820-e045-4d76-90ce-ee866dcd8f55	635bffc3-54b3-4757-b078-7584018dddec	d952ef9d-c5a4-4c5b-af88-0264be713100	Nasi Goreng	15	12000.00	180000.00	\N
c559bd9c-25dd-44ce-be44-f0a45045c4ac	635bffc3-54b3-4757-b078-7584018dddec	ae35a958-9393-4359-a40c-0bc869b26331	Krupuk	15	1000.00	15000.00	\N
de1dcf4f-435a-4402-b2ef-1eead917abb5	635bffc3-54b3-4757-b078-7584018dddec	ab451486-becf-49bf-bcba-7152c369caf0	Es Strup	15	4000.00	60000.00	\N
2a435691-08fa-4b39-815d-b03c1b728e2b	1af0fdeb-d304-4f32-9d36-f1c01484ac17	7b665859-3e5f-4c15-9577-088e8da75977	Mie Kuah	2	12000.00	24000.00	Bungkus, Kuah Banyak, Pedas
5e06a2e6-d878-460b-8d8e-f0a675634c2e	8f2cd602-d6f7-460c-8862-ff3b2fab12e6	65f3a54f-f6e6-4a68-8944-f8ae17679609	Mie Goreng	1	12000.00	12000.00	Sedang, Bungkus
fea4a456-6139-43ab-8736-15cbf3a7057c	8f2cd602-d6f7-460c-8862-ff3b2fab12e6	7b665859-3e5f-4c15-9577-088e8da75977	Mie Kuah	1	12000.00	12000.00	\N
1c4a24d5-05fd-4bc4-be89-8260c4f19982	c1d06774-7b93-463b-8287-134bb4158a48	0defbad8-d841-4e95-a811-9355271951a0	Es Jeruk	1	4000.00	4000.00	\N
697b7b24-dbd0-42db-bb8e-6884e501df39	33839b5b-47ab-4640-9fc3-b4401b47310c	ac33d84e-d717-4aac-87aa-a42b2f13b765	Aqua	1	1000.00	1000.00	\N
e8b8fe7e-fe94-4e60-b651-405f0c152fc4	21099f51-9c55-4a31-8abd-4c0b3e0b92ae	37d09618-d64e-4f43-9cdd-831d73d37df0	Mie Nyemek	6	12000.00	72000.00	Pedas
d0270f89-6560-40b3-90db-aeffd7961085	21099f51-9c55-4a31-8abd-4c0b3e0b92ae	65f3a54f-f6e6-4a68-8944-f8ae17679609	Mie Goreng	4	12000.00	48000.00	Sedang
f8c8cfef-7831-4744-bdb2-da61ae82d774	21099f51-9c55-4a31-8abd-4c0b3e0b92ae	e5ee3b78-1bdb-4eb9-ac68-40c181ad80ad	Nasi Mawut	3	12000.00	36000.00	Pedas
8d5c3b7f-7d7b-4987-b47a-4f7d5d2bc578	21099f51-9c55-4a31-8abd-4c0b3e0b92ae	7b665859-3e5f-4c15-9577-088e8da75977	Mie Kuah	1	12000.00	12000.00	Pedas Banget
8eb52cdf-4589-4d8b-b33e-a87da72b2fd2	21099f51-9c55-4a31-8abd-4c0b3e0b92ae	d952ef9d-c5a4-4c5b-af88-0264be713100	Nasi Goreng	2	12000.00	24000.00	Sedang
a02b6451-36eb-4726-bd0f-060f63a10e20	21099f51-9c55-4a31-8abd-4c0b3e0b92ae	7097335c-d2eb-4cc8-8a47-a1ec0f6b6bd6	Es Teh	4	4000.00	16000.00	\N
1fe8f639-49e6-4704-8e15-5ebe11e4dc77	21099f51-9c55-4a31-8abd-4c0b3e0b92ae	ab451486-becf-49bf-bcba-7152c369caf0	Es Strup	5	4000.00	20000.00	\N
4d89ca20-8b52-4e27-8cef-151dd5ff7003	21099f51-9c55-4a31-8abd-4c0b3e0b92ae	0defbad8-d841-4e95-a811-9355271951a0	Es Jeruk	7	4000.00	28000.00	\N
0b82093c-5367-4a84-ae33-56f9ed03f11f	21099f51-9c55-4a31-8abd-4c0b3e0b92ae	ae35a958-9393-4359-a40c-0bc869b26331	Krupuk	17	1000.00	17000.00	\N
450b2662-7abb-4958-a372-448d10785889	358a6d7c-c4cc-419c-9c49-c3ff8470b3f6	37d09618-d64e-4f43-9cdd-831d73d37df0	Mie Nyemek	2	12000.00	24000.00	Tidak Pedas, Bungkus
f88e59b1-0016-4a49-95f3-8e6dbee9ce77	5316e8ca-34e4-4dbb-b26d-adfc8ae45c63	e5ee3b78-1bdb-4eb9-ac68-40c181ad80ad	Nasi Mawut	3	12000.00	36000.00	Pedas Banget, Bungkus
2fe3603f-20c5-4234-a508-10b5cdf23b4e	5316e8ca-34e4-4dbb-b26d-adfc8ae45c63	d952ef9d-c5a4-4c5b-af88-0264be713100	Nasi Goreng	1	12000.00	12000.00	Sedang, Bungkus
c3bfc3f4-fc60-420f-a9f2-43eb3bbd2b7d	3c6e2d8c-b1a0-43a6-a407-065135bd4809	e5ee3b78-1bdb-4eb9-ac68-40c181ad80ad	Nasi Mawut	3	12000.00	36000.00	Sedang, Bungkus
717ac9c2-a33c-4cbb-9901-b46f7322a810	dbd17653-e365-4b0b-a726-12a9eeb140d8	37d09618-d64e-4f43-9cdd-831d73d37df0	Mie Nyemek	1	12000.00	12000.00	Pedas Banget, Bungkus
ae6dacf9-79cb-4362-82bf-d9031f210ba7	dbd17653-e365-4b0b-a726-12a9eeb140d8	3e867b42-3522-4bf5-b296-3d7b80517d3b	Telur	2	3000.00	6000.00	\N
1f622967-90ca-4d6d-8ec9-210b610ed7e7	4d06e251-c3f1-411e-8223-aaef2474f2a8	ae35a958-9393-4359-a40c-0bc869b26331	Krupuk	3	1000.00	3000.00	\N
732d36a8-c73b-4969-8b2b-c07d1d6a7355	4d06e251-c3f1-411e-8223-aaef2474f2a8	3e867b42-3522-4bf5-b296-3d7b80517d3b	Telur	1	3000.00	3000.00	No MSG
6c9375aa-4c09-48f0-b59b-1faae0831aa5	4d06e251-c3f1-411e-8223-aaef2474f2a8	37d09618-d64e-4f43-9cdd-831d73d37df0	Mie Nyemek	2	12000.00	24000.00	No MSG, Pedas Banget
6e6f2ace-4a8a-44d7-b393-f09a6f4c6a70	f1a9e34b-de5b-4c27-a109-4a80c17e8ecb	e5ee3b78-1bdb-4eb9-ac68-40c181ad80ad	Nasi Mawut	3	12000.00	36000.00	Pedas, Bungkus
14c2e602-79fc-4d88-a4ee-e94de109058b	665b17b1-d568-4c12-8535-71df8e8f9721	37d09618-d64e-4f43-9cdd-831d73d37df0	Mie Nyemek	1	12000.00	12000.00	Tidak Pedas
f9209300-90b9-4c33-9521-56880eb6d4a7	665b17b1-d568-4c12-8535-71df8e8f9721	ab451486-becf-49bf-bcba-7152c369caf0	Es Strup	2	4000.00	8000.00	\N
fef6fa1e-0b78-4b53-a9b4-729a85f3dfd3	989e55e8-0531-4d05-a71c-e290d5838376	2201befb-d03b-432b-8faf-83f442b7d3b2	Jeruk Hangat	1	4000.00	4000.00	\N
73cbecd1-b576-4cb3-9a60-7e48bce52bd9	989e55e8-0531-4d05-a71c-e290d5838376	e5ee3b78-1bdb-4eb9-ac68-40c181ad80ad	Nasi Mawut	1	12000.00	12000.00	Pedas
7102eb6b-0619-4edf-b8ad-35d4acf83444	989e55e8-0531-4d05-a71c-e290d5838376	d952ef9d-c5a4-4c5b-af88-0264be713100	Nasi Goreng	2	12000.00	24000.00	Sedang, Bungkus
22a5293e-d65c-45c7-a19c-afa6234b2d96	ca9ebff2-7bb3-45aa-aa73-3d296d883cf1	37d09618-d64e-4f43-9cdd-831d73d37df0	Mie Nyemek	1	12000.00	12000.00	Sedang, Bungkus
949922b2-8ec8-478a-9694-7bb4d4a95abd	ca9ebff2-7bb3-45aa-aa73-3d296d883cf1	e5ee3b78-1bdb-4eb9-ac68-40c181ad80ad	Nasi Mawut	1	12000.00	12000.00	Sedang, Bungkus
44a76803-62b9-438a-9c93-55cbe06d76d9	b40160cf-bc2d-4e30-809b-278cbb564e3a	37d09618-d64e-4f43-9cdd-831d73d37df0	Mie Nyemek	2	12000.00	24000.00	Sedang, Bungkus, No MSG
95a30411-53eb-405d-80b9-c765f9d774db	b40160cf-bc2d-4e30-809b-278cbb564e3a	d952ef9d-c5a4-4c5b-af88-0264be713100	Nasi Goreng	1	12000.00	12000.00	Tidak Pedas, No MSG, Bungkus
e9ab7069-f819-40d6-8606-4a2eeac40e96	b40160cf-bc2d-4e30-809b-278cbb564e3a	e5ee3b78-1bdb-4eb9-ac68-40c181ad80ad	Nasi Mawut	1	12000.00	12000.00	Sedang, Bungkus
0b6dcae0-ece1-4b72-ad19-47b0a2d6bf30	65a619c0-2842-4a5a-81f0-e1ff4dafdb76	65f3a54f-f6e6-4a68-8944-f8ae17679609	Mie Goreng	2	12000.00	24000.00	Pedas Banget, Bungkus
b44a743b-aa37-482d-afeb-8aa46410a6f2	65a619c0-2842-4a5a-81f0-e1ff4dafdb76	3e867b42-3522-4bf5-b296-3d7b80517d3b	Telur	2	3000.00	6000.00	No MSG, Bungkus
b10025aa-42d7-43f0-b987-6afd7b262b23	2d8cd83b-b704-4f14-b723-b151d4f7ed41	65f3a54f-f6e6-4a68-8944-f8ae17679609	Mie Goreng	1	12000.00	12000.00	Sedang, Bungkus
cae8ff0e-eb7b-45b1-a644-e4cc20cb75d5	2d8cd83b-b704-4f14-b723-b151d4f7ed41	37d09618-d64e-4f43-9cdd-831d73d37df0	Mie Nyemek	1	12000.00	12000.00	Sedang, Bungkus
c4467f54-8ab7-4a80-8ba9-cd20313f7be9	2d8cd83b-b704-4f14-b723-b151d4f7ed41	d952ef9d-c5a4-4c5b-af88-0264be713100	Nasi Goreng	2	12000.00	24000.00	Tidak Pedas, Bungkus
f9c50916-cade-48de-bad7-40537989627f	2d8cd83b-b704-4f14-b723-b151d4f7ed41	ae35a958-9393-4359-a40c-0bc869b26331	Krupuk	4	1000.00	4000.00	\N
1e2dcd46-14ec-498e-a6ce-e8aa88dc01e2	fc35a575-ba19-4f43-9695-7e0e37086fd4	65f3a54f-f6e6-4a68-8944-f8ae17679609	Mie Goreng	2	12000.00	24000.00	Bungkus, Pedas
a222d373-4a56-40c7-a529-f01f203d2ccc	fc35a575-ba19-4f43-9695-7e0e37086fd4	3e867b42-3522-4bf5-b296-3d7b80517d3b	Telur	2	3000.00	6000.00	\N
93f43a8d-b267-4ee8-8eed-71d7b6f6d3ee	fc35a575-ba19-4f43-9695-7e0e37086fd4	ae35a958-9393-4359-a40c-0bc869b26331	Krupuk	2	1000.00	2000.00	\N
\.


--
-- Name: Category_id_seq; Type: SEQUENCE SET; Schema: public; Owner: -
--

SELECT pg_catalog.setval('"public"."Category_id_seq"', 3, true);


--
-- PostgreSQL database dump complete
--

\unrestrict C5UFhvmE4JBdwGCSI6x7zDj6gmsUFpDdGkEEs0YPdgg1rvQbvVE6l8E32TuhfIX

