--
-- PostgreSQL database dump
--

\restrict kTgtrYUetJ5aP469doe7QRfeYBtsTCiPfNNh2DDwlrSynAdl1y0OQvRrpvPbk88

-- Dumped from database version 17.6
-- Dumped by pg_dump version 17.10 (Ubuntu 17.10-1.pgdg24.04+1)

SET statement_timeout = 0;
SET lock_timeout = 0;
SET idle_in_transaction_session_timeout = 0;
SET transaction_timeout = 0;
SET client_encoding = 'UTF8';
SET standard_conforming_strings = on;
SELECT pg_catalog.set_config('search_path', '', false);
SET check_function_bodies = false;
SET xmloption = content;
SET client_min_messages = warning;
SET row_security = off;

--
-- Data for Name: Category; Type: TABLE DATA; Schema: public; Owner: -
--

COPY "public"."Category" ("id", "name", "createdAt", "updatedAt") FROM stdin;
1	Makanan	2026-04-20 09:49:42.428	2026-04-20 09:49:42.428
2	Minuman	2026-04-20 09:49:42.428	2026-04-20 09:49:42.428
3	Tambahan	2026-04-20 09:49:42.428	2026-04-20 09:49:42.428
\.


--
-- Data for Name: Product; Type: TABLE DATA; Schema: public; Owner: -
--

COPY "public"."Product" ("id", "name", "description", "price", "image", "isAvailable", "categoryId", "createdAt", "updatedAt") FROM stdin;
d952ef9d-c5a4-4c5b-af88-0264be713100	Nasi Goreng	\N	12000.00	\N	t	1	2026-04-20 09:49:54.321	2026-04-20 09:49:54.321
e5ee3b78-1bdb-4eb9-ac68-40c181ad80ad	Nasi Mawut	\N	12000.00	\N	t	1	2026-04-20 09:49:54.321	2026-04-20 09:49:54.321
6641fb46-c43c-43e2-be2b-49e96f15963b	Nasi Mie Godog	\N	12000.00	\N	t	1	2026-04-20 09:49:54.321	2026-04-20 09:49:54.321
b4ecf77f-2700-4251-aaab-b2e5b6d43a43	Sop Sayur	\N	12000.00	\N	t	1	2026-04-20 09:49:54.321	2026-04-20 09:49:54.321
65f3a54f-f6e6-4a68-8944-f8ae17679609	Mie Goreng	\N	12000.00	\N	t	1	2026-04-20 09:49:54.321	2026-04-20 09:49:54.321
7b665859-3e5f-4c15-9577-088e8da75977	Mie Kuah	\N	12000.00	\N	t	1	2026-04-20 09:49:54.321	2026-04-20 09:49:54.321
37d09618-d64e-4f43-9cdd-831d73d37df0	Mie Nyemek	\N	12000.00	\N	t	1	2026-04-20 09:49:54.321	2026-04-20 09:49:54.321
0defbad8-d841-4e95-a811-9355271951a0	Es Jeruk	\N	4000.00	\N	t	2	2026-04-20 09:49:54.321	2026-04-20 09:49:54.321
7097335c-d2eb-4cc8-8a47-a1ec0f6b6bd6	Es Teh	\N	4000.00	\N	t	2	2026-04-20 09:49:54.321	2026-04-20 09:49:54.321
df44f68f-eecc-4bb7-bc64-a268606541bf	Teh Hangat	\N	4000.00	\N	t	2	2026-04-20 09:49:54.321	2026-04-20 09:49:54.321
ab451486-becf-49bf-bcba-7152c369caf0	Es Strup	\N	4000.00	\N	t	2	2026-04-20 09:49:54.321	2026-04-20 09:49:54.321
e44f6ade-11e0-4d38-b987-615c53ae4400	Strup Hangat	\N	4000.00	\N	t	2	2026-04-20 09:49:54.321	2026-04-20 09:49:54.321
2201befb-d03b-432b-8faf-83f442b7d3b2	Jeruk Hangat	\N	4000.00	\N	t	2	2026-04-20 09:49:54.321	2026-04-20 09:49:54.321
3e867b42-3522-4bf5-b296-3d7b80517d3b	Telur	Tambahan Telur	3000.00	\N	t	3	2026-04-20 09:49:54.321	2026-04-20 09:49:54.321
ae35a958-9393-4359-a40c-0bc869b26331	Krupuk	Tambahan Krupuk	1000.00	\N	t	3	2026-04-20 09:49:54.321	2026-04-20 09:49:54.321
ac33d84e-d717-4aac-87aa-a42b2f13b765	Aqua		1000.00		t	2	2026-04-20 12:48:43.06	2026-05-12 06:01:28.674
f4903034-edd5-489b-baf9-6b36c32dd961	Nasi goreng	Putih	12000.00		t	1	2026-05-15 13:59:01.583	2026-05-15 13:59:01.583
\.


--
-- Data for Name: StoreConfig; Type: TABLE DATA; Schema: public; Owner: -
--

COPY "public"."StoreConfig" ("id", "name", "address", "phone", "updatedAt", "logoUrl") FROM stdin;
1	Mie Jawa Melati	Jl. Melati Gang 3 No.21	081232835687	2026-04-21 11:04:27.89	
\.


--
-- Data for Name: Transaction; Type: TABLE DATA; Schema: public; Owner: -
--

COPY "public"."Transaction" ("id", "invoiceNumber", "date", "totalAmount", "paymentMethod", "paidAmount", "change", "isSynced", "createdAt", "updatedAt", "deletedAt") FROM stdin;
bd0b807b-91a8-4da2-b382-3fb73cc812c2	INV-20260420-5299	2026-04-20 11:43:11.905	42000.00	CASH	50000.00	8000.00	t	2026-04-20 11:43:13.771	2026-04-20 11:57:45.247	2026-04-20 11:57:45.245
bd4f6e57-2c56-4860-b750-57104786872c	INV-20260420-5019	2026-04-20 11:54:06.602	333000.00	QRIS	333000.00	0.00	t	2026-04-20 11:54:08.17	2026-04-20 12:00:34.298	2026-04-20 12:00:34.298
34a4d7c9-06ae-4f84-9915-6f99b89c284e	INV-20260420-6220	2026-04-20 11:50:54.18	154000.00	CASH	300000.00	146000.00	t	2026-04-20 11:50:55.295	2026-04-20 12:00:45.665	2026-04-20 12:00:45.665
d6ea2f9d-6b76-4d2c-9bf1-fbc2c08d763e	INV-20260420-8423	2026-04-20 11:46:07.146	267000.00	CASH	300000.00	33000.00	t	2026-04-20 11:47:59.294	2026-04-20 12:00:50.101	2026-04-20 12:00:50.1
e79b69eb-7e5a-4f0f-812b-f1e6b0e6f861	INV-20260420-4098	2026-04-20 12:05:32.795	3200000.00	CASH	4000000.00	800000.00	t	2026-04-20 12:05:34.413	2026-04-20 12:18:35.089	2026-04-20 12:18:35.089
844bb067-99e5-4b0c-8eba-eeaba85c93c4	INV-20260420-1584	2026-04-20 12:14:12.57	4000.00	QRIS	4000.00	0.00	t	2026-04-20 12:14:14.092	2026-04-20 12:18:39.287	2026-04-20 12:18:39.287
1b12ec34-b55d-4753-85d9-f8dd5d2ccadd	INV-20260420-8217	2026-04-20 12:19:00.065	4000.00	QRIS	4000.00	0.00	t	2026-04-20 12:19:00.72	2026-04-20 12:19:23.03	2026-04-20 12:19:23.028
0b42b103-5093-452b-8454-68d9ad254c1c	INV-20260421-7188	2026-04-21 04:54:49.134	28000.00	QRIS	28000.00	0.00	t	2026-04-21 04:54:45.026	2026-04-21 05:53:51.762	2026-04-21 05:53:51.756
d63bdfde-14ea-41ae-9509-44b640b86352	INV-20260421-6679	2026-04-21 04:52:58.116	48000.00	CASH	50000.00	2000.00	t	2026-04-21 04:52:53.935	2026-04-21 05:54:10.563	2026-04-21 05:54:10.563
b88fb74b-a312-4d9e-8b3a-1f4840cbbac9	INV-20260420-9466	2026-04-20 12:42:12.328	112000.00	CASH	200000.00	88000.00	t	2026-04-20 12:42:14.266	2026-04-21 11:00:11.768	2026-04-21 11:00:11.761
4c204515-b426-4f62-8347-6cb4fee66d42	INV-20260420-7298	2026-04-20 12:42:53.587	12000.00	QRIS	12000.00	0.00	t	2026-04-20 12:42:55.125	2026-04-21 11:00:15.33	2026-04-21 11:00:15.329
9897ca04-cda4-47c4-83dd-3e00d05f5560	INV-20260420-6298	2026-04-20 13:00:14.17	276000.00	QRIS	276000.00	0.00	t	2026-04-20 13:00:15.866	2026-04-21 11:00:19.678	2026-04-21 11:00:19.678
9dfc4044-9c10-472a-ab6f-fca704cefb7a	INV-20260420-7389	2026-04-20 12:58:56.465	544000.00	QRIS	544000.00	0.00	t	2026-04-20 12:58:57.742	2026-04-21 11:00:23.6	2026-04-21 11:00:23.6
f3f33d68-2a67-42f1-b2eb-cbfaaa51a056	INV-20260420-2565	2026-04-20 12:45:11.057	24000.00	QRIS	24000.00	0.00	t	2026-04-20 12:45:12.116	2026-04-21 11:00:27.556	2026-04-21 11:00:27.556
7c37553b-2c59-442f-a34c-41d7eb17cc29	INV-20260420-1859	2026-04-20 12:44:14.55	24000.00	QRIS	24000.00	0.00	t	2026-04-20 12:44:15.795	2026-04-21 11:00:32.087	2026-04-21 11:00:32.087
2f45dc8a-3702-4265-b892-63429ad661da	INV-20260421-3623	2026-04-21 11:14:00.225	24000.00	QRIS	24000.00	0.00	t	2026-04-21 11:14:01.723	2026-04-21 11:14:01.723	\N
2637f1bf-1fed-475e-9e68-b5d60a5871fa	INV-20260421-6786	2026-04-21 11:15:47.801	48000.00	CASH	50000.00	2000.00	t	2026-04-21 11:15:49.382	2026-04-21 11:15:49.382	\N
52f11bee-5b26-42a9-98da-530de1014ab4	INV-20260421-4815	2026-04-21 11:24:00.733	60000.00	QRIS	60000.00	0.00	t	2026-04-21 11:24:02.612	2026-04-21 11:25:00.832	2026-04-21 11:25:00.83
5f9c3a94-3c5a-4aab-a9b9-f3b369ccd16e	INV-20260421-2445	2026-04-21 11:27:32.709	36000.00	CASH	36000.00	0.00	t	2026-04-21 11:27:34.462	2026-04-21 11:27:34.462	\N
2d91bcee-dc27-480f-8536-963802a51fa6	INV-20260421-7140	2026-04-21 11:28:27.415	24000.00	CASH	24000.00	0.00	t	2026-04-21 11:28:29.068	2026-04-21 11:28:29.068	\N
51f3f4bc-7f74-42ca-a0ba-2fd7f3dadb3e	INV-20260421-9383	2026-04-21 12:08:28.436	27000.00	CASH	27000.00	0.00	t	2026-04-21 12:08:31.429	2026-04-21 12:08:31.429	\N
e8bcc7c6-7704-494d-9bae-c8a29037d54f	INV-20260421-7843	2026-04-21 15:53:13.48	60000.00	QRIS	60000.00	0.00	t	2026-04-21 15:53:15.114	2026-04-21 15:53:15.114	\N
d0e00582-f485-4003-a03c-6f168bfd132e	INV-20260421-5492	2026-04-21 15:53:50.507	12000.00	QRIS	12000.00	0.00	t	2026-04-21 15:53:51.997	2026-04-21 15:53:51.997	\N
edb5a220-dc58-4a14-a957-02445de4b5fe	INV-20260421-1032	2026-04-21 15:54:22.641	36000.00	CASH	36000.00	0.00	t	2026-04-21 15:54:24.381	2026-04-21 15:54:24.381	\N
80cea3ef-4426-4cec-b4aa-c8a4fac49aa1	INV-20260421-5567	2026-04-21 15:54:39.676	12000.00	CASH	15000.00	3000.00	t	2026-04-21 15:54:41.238	2026-04-21 15:54:41.238	\N
7074e3e5-fecf-4563-8910-ec55b1b82e05	INV-20260421-1678	2026-04-21 15:56:07.11	24000.00	CASH	24000.00	0.00	t	2026-04-21 15:56:08.724	2026-04-21 15:56:08.724	\N
909dc6e5-257d-4cf5-bb26-2e2127a3c966	INV-20260421-4384	2026-04-21 15:56:42.244	39000.00	QRIS	39000.00	0.00	t	2026-04-21 15:56:43.79	2026-04-21 15:56:43.79	\N
db32824c-b7b5-4928-ab37-800d85e0e305	INV-20260421-4706	2026-04-21 15:57:16.194	36000.00	TRANSFER	36000.00	0.00	t	2026-04-21 15:57:17.659	2026-04-21 15:57:17.659	\N
9805ef51-494d-4f40-9575-ceec87901ed7	INV-20260421-9100	2026-04-21 15:57:43.595	30000.00	CASH	50000.00	20000.00	t	2026-04-21 15:57:44.638	2026-04-21 15:57:44.638	\N
2a004bf5-89f6-4ce0-a040-3f0db76ced9a	INV-20260421-3214	2026-04-21 15:58:29.424	38000.00	CASH	40000.00	2000.00	t	2026-04-21 15:58:31.135	2026-04-21 15:58:31.135	\N
e41a269d-0d02-4ec3-b15b-91ce6a70accd	INV-20260421-9078	2026-04-21 15:59:06.477	60000.00	QRIS	60000.00	0.00	t	2026-04-21 15:59:07.554	2026-04-21 15:59:07.554	\N
1855c7ed-42b6-4e19-9b2e-c23ddcf34819	INV-20260421-7101	2026-04-21 16:02:38.863	8000.00	CASH	10000.00	2000.00	t	2026-04-21 16:02:40.388	2026-04-21 16:02:40.388	\N
d702345f-9fd3-489e-8e07-19bc2974f094	INV-20260421-8535	2026-04-21 16:02:54.657	16000.00	CASH	20000.00	4000.00	t	2026-04-21 16:02:56.213	2026-04-21 16:02:56.213	\N
ee182b84-badf-4be4-82f8-7fc614183eab	INV-20260421-4535	2026-04-21 16:03:27.644	60000.00	CASH	100000.00	40000.00	t	2026-04-21 16:03:29.161	2026-04-21 16:03:29.161	\N
be8189c4-5038-4165-b782-8875c606695a	INV-20260421-2486	2026-04-21 16:03:44.316	14000.00	QRIS	14000.00	0.00	t	2026-04-21 16:03:45.81	2026-04-21 16:03:45.81	\N
20367783-7604-4a29-a6da-babe1c456ccd	INV-20260422-6564	2026-04-22 10:45:29.2	36000.00	QRIS	36000.00	0.00	t	2026-04-22 10:45:30.894	2026-04-22 10:45:30.894	\N
48969fc0-8bcd-4466-8189-0b22282adf89	INV-20260422-4392	2026-04-22 14:56:27.888	36000.00	CASH	50000.00	14000.00	t	2026-04-22 14:56:29.713	2026-04-22 14:56:29.713	\N
cd4e5d56-853b-4260-a054-609e11bc3519	INV-20260422-5152	2026-04-22 14:57:22.698	60000.00	QRIS	60000.00	0.00	t	2026-04-22 14:57:24.213	2026-04-22 14:57:24.213	\N
47f03149-1c91-4284-98ad-9ef1c8a19e23	INV-20260422-5043	2026-04-22 14:57:48.248	53000.00	QRIS	53000.00	0.00	t	2026-04-22 14:57:49.754	2026-04-22 14:57:49.754	\N
231ac87f-eefd-4694-9b45-eefc32a7945b	INV-20260422-1825	2026-04-22 14:58:05.623	13000.00	CASH	15000.00	2000.00	t	2026-04-22 14:58:07.058	2026-04-22 14:58:07.058	\N
6b8c93a1-c496-450e-a675-0bfd673babbc	INV-20260422-3028	2026-04-22 14:59:15.319	65000.00	TRANSFER	65000.00	0.00	t	2026-04-22 14:59:16.45	2026-04-22 14:59:16.45	\N
0677624b-132a-4ccc-9d3b-7a76f90ecc48	INV-20260422-6091	2026-04-22 14:59:48.182	17000.00	CASH	20000.00	3000.00	t	2026-04-22 14:59:49.179	2026-04-22 14:59:49.179	\N
7ec49681-070c-4498-86e0-d006be7ef7db	INV-20260422-9680	2026-04-22 15:00:21.102	27000.00	CASH	30000.00	3000.00	t	2026-04-22 15:00:22.763	2026-04-22 15:00:22.763	\N
a1e49071-3576-41a4-8a08-8be57a93e16a	INV-20260422-3754	2026-04-22 15:00:36.857	24000.00	QRIS	24000.00	0.00	t	2026-04-22 15:00:38.366	2026-04-22 15:00:38.366	\N
70d9a03f-91df-4f9a-a88f-d72a6be90a15	INV-20260422-3049	2026-04-22 15:00:57.694	60000.00	TRANSFER	60000.00	0.00	t	2026-04-22 15:00:59.173	2026-04-22 15:00:59.173	\N
9c1fc0e1-6c2d-44e4-9192-fe607836f567	INV-20260423-8086	2026-04-23 11:40:45.235	24000.00	CASH	50000.00	26000.00	t	2026-04-23 11:40:45.089	2026-04-23 11:40:52.877	2026-04-23 11:40:52.874
7e770137-4289-4386-b1b7-2470bab71d67	INV-20260424-7284	2026-04-24 15:09:19.602	34000.00	CASH	50000.00	16000.00	t	2026-04-24 15:09:21.138	2026-04-24 15:09:21.138	\N
5d6c7897-bb40-401b-9d90-ccfd7c845145	INV-20260424-3778	2026-04-24 15:09:42.307	75000.00	QRIS	75000.00	0.00	t	2026-04-24 15:09:43.812	2026-04-24 15:09:43.812	\N
d96e18ab-9893-41c3-ad86-71bd8cee8e84	INV-20260424-8828	2026-04-24 15:10:08.869	27000.00	QRIS	27000.00	0.00	t	2026-04-24 15:10:10.361	2026-04-24 15:10:10.361	\N
ba2ca106-e136-4bcd-872f-6d739a04d147	INV-20260424-9389	2026-04-24 15:10:36.031	36000.00	CASH	36000.00	0.00	t	2026-04-24 15:10:37.512	2026-04-24 15:10:37.512	\N
aedd08a4-91d5-4334-a274-c8f74acaeec2	INV-20260424-4158	2026-04-24 15:10:54.673	16000.00	CASH	20000.00	4000.00	t	2026-04-24 15:10:55.643	2026-04-24 15:10:55.643	\N
2f472bcf-22a2-4a48-8926-1e3dee0329c4	INV-20260424-5336	2026-04-24 15:11:47.015	48000.00	CASH	50000.00	2000.00	t	2026-04-24 15:11:48.523	2026-04-24 15:11:48.523	\N
851de471-c705-4871-9be6-46b20e182186	INV-20260424-3573	2026-04-24 15:12:08.812	17000.00	CASH	17000.00	0.00	t	2026-04-24 15:12:09.805	2026-04-24 15:12:09.805	\N
0ecf79b1-bc17-42ee-9acd-e3756dab2d34	INV-20260424-6219	2026-04-24 15:13:10.569	60000.00	QRIS	60000.00	0.00	t	2026-04-24 15:13:12.142	2026-04-24 15:13:12.142	\N
c35cdc14-26d6-4660-9902-7a311304c051	INV-20260424-1815	2026-04-24 15:15:18.838	75000.00	CASH	100000.00	25000.00	t	2026-04-24 15:15:20.339	2026-04-24 15:15:20.339	\N
473f70f6-8167-46b2-a75c-dc583f4e2045	INV-20260426-7044	2026-04-26 13:44:55.393	60000.00	QRIS	60000.00	0.00	t	2026-04-26 13:44:56.921	2026-04-26 13:44:56.921	\N
98113240-efdf-49dd-9085-5f3310d6c0dc	INV-20260426-7417	2026-04-26 13:45:45.389	55000.00	CASH	100000.00	45000.00	t	2026-04-26 13:45:46.936	2026-04-26 13:45:46.936	\N
d9173e3d-bae4-4308-8f73-f30045d6e73e	INV-20260426-9971	2026-04-26 13:46:04.656	120000.00	QRIS	120000.00	0.00	t	2026-04-26 13:46:06.143	2026-04-26 13:46:06.143	\N
17bf76ef-08a0-4703-b2cd-77379d214e25	INV-20260426-7588	2026-04-26 13:46:24.057	34000.00	CASH	50000.00	16000.00	t	2026-04-26 13:46:25.542	2026-04-26 13:46:25.542	\N
8c71b719-350e-451b-9b2b-a2c3b22234fd	INV-20260426-6724	2026-04-26 13:46:47.082	84000.00	QRIS	84000.00	0.00	t	2026-04-26 13:46:48.58	2026-04-26 13:46:48.58	\N
478e96ca-3eba-4c60-aa1c-f8fa26cc59ef	INV-20260426-1594	2026-04-26 13:47:14.449	24000.00	CASH	50000.00	26000.00	t	2026-04-26 13:47:15.905	2026-04-26 13:47:15.905	\N
c9d80b9b-0f0f-4579-84d1-6c2cfee1a844	INV-20260426-8770	2026-04-26 13:47:37.469	29000.00	CASH	50000.00	21000.00	t	2026-04-26 13:47:38.966	2026-04-26 13:47:38.966	\N
ae26fcde-4af6-4ffc-9ce2-026a58a1367e	INV-20260426-8911	2026-04-26 13:48:03.99	36000.00	QRIS	36000.00	0.00	t	2026-04-26 13:48:05.51	2026-04-26 13:48:05.51	\N
31e1b4b6-6be1-4458-bff6-f74825b98a28	INV-20260426-1525	2026-04-26 13:48:39.434	90000.00	CASH	100000.00	10000.00	t	2026-04-26 13:48:40.922	2026-04-26 13:48:40.922	\N
3e32eab0-9c5d-43f8-beb0-06988ed8c559	INV-20260426-2432	2026-04-26 16:11:59.455	120000.00	QRIS	120000.00	0.00	t	2026-04-26 16:12:01.031	2026-04-26 16:12:01.031	\N
ad603a1e-ee34-43e7-8805-50cffdc9c3dc	INV-20260426-9045	2026-04-26 16:12:15.189	36000.00	CASH	50000.00	14000.00	t	2026-04-26 16:12:16.667	2026-04-26 16:12:16.667	\N
e7eb6f85-15d4-4cd7-b35d-7f1c68ed0acd	INV-20260426-4292	2026-04-26 16:12:58.241	34000.00	CASH	34000.00	0.00	t	2026-04-26 16:12:59.874	2026-04-26 16:12:59.874	\N
d2c638ca-866d-4e78-9942-be046a659ef5	INV-20260426-9282	2026-04-26 16:13:25.435	56000.00	CASH	100000.00	44000.00	t	2026-04-26 16:13:26.954	2026-04-26 16:13:26.954	\N
5712fcc5-0a39-4569-a4f8-4190ae671efb	INV-20260426-3007	2026-04-26 16:13:44.442	36000.00	QRIS	36000.00	0.00	t	2026-04-26 16:13:45.954	2026-04-26 16:13:45.954	\N
d49f52ec-71b4-4857-a4c0-4188174c54a3	INV-20260426-3804	2026-04-26 16:14:13.322	45000.00	CASH	50000.00	5000.00	t	2026-04-26 16:14:14.8	2026-04-26 16:14:14.8	\N
1756d204-a729-4521-8cee-56acc476a8b8	INV-20260426-7080	2026-04-26 16:14:47.09	54000.00	CASH	55000.00	1000.00	t	2026-04-26 16:14:48.678	2026-04-26 16:14:48.678	\N
ad1c073c-adbf-4152-8742-892ef18c3dcc	INV-20260427-5014	2026-04-27 13:09:39.215	48000.00	CASH	50000.00	2000.00	t	2026-04-27 13:09:42.023	2026-04-27 13:09:42.023	\N
a657cb94-26bb-4de7-82c6-8b6c4534d96e	INV-20260427-1899	2026-04-27 13:10:57.699	24000.00	CASH	25000.00	1000.00	t	2026-04-27 13:11:00.302	2026-04-27 13:11:00.302	\N
fd559889-a17e-4392-808b-fd000774101e	INV-20260427-6810	2026-04-27 13:12:15.57	24000.00	CASH	24000.00	0.00	t	2026-04-27 13:12:18.688	2026-04-27 13:12:18.688	\N
33d352ae-8925-4b2e-ad08-9db410d76d15	INV-20260427-9094	2026-04-27 13:13:30.241	24000.00	QRIS	24000.00	0.00	t	2026-04-27 13:13:32.819	2026-04-27 13:13:32.819	\N
a0719642-658b-420c-b5b8-cd5ade88e0ff	INV-20260427-5522	2026-04-27 13:14:11.811	24000.00	CASH	25000.00	1000.00	t	2026-04-27 13:14:14.357	2026-04-27 13:14:14.357	\N
333d37ab-1c94-4121-8c49-be8002519ccf	INV-20260427-7927	2026-04-27 13:14:36.442	12000.00	CASH	12000.00	0.00	t	2026-04-27 13:14:39.007	2026-04-27 13:14:39.007	\N
5401ef2f-4b19-4288-bd5c-288a0161f8e1	INV-20260427-2231	2026-04-27 13:17:27.921	36000.00	CASH	36000.00	0.00	t	2026-04-27 13:17:30.485	2026-04-27 13:17:30.485	\N
731cb788-5f55-4e0b-a770-5a5c6ffeffc1	INV-20260427-3785	2026-04-27 13:18:07.233	12000.00	CASH	12000.00	0.00	t	2026-04-27 13:18:09.373	2026-04-27 13:18:09.373	\N
12a58b58-5160-424a-aafd-70b7f0dcf801	INV-20260427-8361	2026-04-27 13:19:34.574	52000.00	QRIS	52000.00	0.00	t	2026-04-27 13:19:37.243	2026-04-27 13:19:37.243	\N
e4be9fa9-9f3b-4763-90a3-0a92cae2b0c7	INV-20260427-7720	2026-04-27 13:22:22.882	34000.00	CASH	50000.00	16000.00	t	2026-04-27 13:22:25.689	2026-04-27 13:22:25.689	\N
e28b5fc1-fa15-40eb-8ed7-f6ec0310f080	INV-20260427-1421	2026-04-27 13:27:29.496	42000.00	CASH	50000.00	8000.00	t	2026-04-27 13:27:32.249	2026-04-27 13:27:32.249	\N
1eebbbe1-9590-4fa9-a35c-1cab090207fd	INV-20260427-3577	2026-04-27 13:29:31.037	12000.00	CASH	15000.00	3000.00	t	2026-04-27 13:29:33.729	2026-04-27 13:29:33.729	\N
a311036e-1d9b-4be1-810e-8cd18273e781	INV-20260427-1705	2026-04-27 13:31:24.177	57000.00	CASH	100000.00	43000.00	t	2026-04-27 13:31:26.327	2026-04-27 13:31:26.327	\N
9bbd131b-2c9b-45cc-b89e-2b8229ccc511	INV-20260427-7813	2026-04-27 14:06:15.544	44000.00	CASH	50000.00	6000.00	t	2026-04-27 14:06:18.236	2026-04-27 14:06:18.236	\N
01f12acb-eae6-4388-b513-f2dd3d8f22c0	INV-20260427-9534	2026-04-27 14:18:23.167	96000.00	CASH	100000.00	4000.00	t	2026-04-27 14:18:25.864	2026-04-27 14:18:25.864	\N
e7f164ba-0200-4750-bd83-4b45bb9e66ef	INV-20260427-7154	2026-04-27 15:35:32.801	105000.00	QRIS	105000.00	0.00	t	2026-04-27 15:35:34.735	2026-04-27 15:35:34.735	\N
1154d5e2-b03d-49db-9128-ad58c9288e49	INV-20260427-3791	2026-04-27 15:36:02.107	67000.00	CASH	100000.00	33000.00	t	2026-04-27 15:36:03.612	2026-04-27 15:36:03.612	\N
234353dd-e9b1-4a70-8b1c-50e3c967f5c3	INV-20260427-9909	2026-04-27 15:36:23.419	14000.00	CASH	20000.00	6000.00	t	2026-04-27 15:36:24.927	2026-04-27 15:36:24.927	\N
04e5010c-d337-4f97-97f4-d4e21a2e26cd	INV-20260427-8933	2026-04-27 15:37:02.016	72000.00	QRIS	72000.00	0.00	t	2026-04-27 15:37:03.583	2026-04-27 15:37:03.583	\N
635bffc3-54b3-4757-b078-7584018dddec	INV-20260427-8961	2026-04-27 15:37:48.98	255000.00	TRANSFER	255000.00	0.00	t	2026-04-27 15:37:50.569	2026-04-27 15:37:50.569	\N
1af0fdeb-d304-4f32-9d36-f1c01484ac17	INV-20260427-9766	2026-04-27 15:38:14.127	24000.00	CASH	50000.00	26000.00	t	2026-04-27 15:38:15.639	2026-04-27 15:38:15.639	\N
8f2cd602-d6f7-460c-8862-ff3b2fab12e6	INV-20260428-6405	2026-04-28 13:45:20.657	24000.00	CASH	50000.00	26000.00	t	2026-04-28 13:45:22.987	2026-04-28 13:54:45.163	2026-04-28 13:54:45.16
c1d06774-7b93-463b-8287-134bb4158a48	INV-20260428-6002	2026-04-28 13:50:31.029	4000.00	QRIS	4000.00	0.00	t	2026-04-28 13:50:31.888	2026-04-28 13:54:49.326	2026-04-28 13:54:49.326
33839b5b-47ab-4640-9fc3-b4401b47310c	INV-20260428-3410	2026-04-28 13:51:45.456	1000.00	QRIS	1000.00	0.00	t	2026-04-28 13:53:02.568	2026-04-28 13:55:02.443	2026-04-28 13:55:02.436
21099f51-9c55-4a31-8abd-4c0b3e0b92ae	INV-20260428-1210	2026-04-28 14:21:18.079	273000.00	CASH	300000.00	27000.00	t	2026-04-28 14:21:21.222	2026-04-28 14:21:21.222	\N
358a6d7c-c4cc-419c-9c49-c3ff8470b3f6	INV-20260428-9589	2026-04-28 14:22:27.483	24000.00	CASH	24000.00	0.00	t	2026-04-28 14:22:30.254	2026-04-28 14:22:30.254	\N
5316e8ca-34e4-4dbb-b26d-adfc8ae45c63	INV-20260428-5296	2026-04-28 14:24:21.325	48000.00	CASH	50000.00	2000.00	t	2026-04-28 14:24:24.102	2026-04-28 14:24:24.102	\N
3c6e2d8c-b1a0-43a6-a407-065135bd4809	INV-20260428-1849	2026-04-28 14:25:43.692	36000.00	CASH	50000.00	14000.00	t	2026-04-28 14:25:46.435	2026-04-28 14:25:46.435	\N
dbd17653-e365-4b0b-a726-12a9eeb140d8	INV-20260428-6914	2026-04-28 14:27:55.651	18000.00	CASH	20000.00	2000.00	t	2026-04-28 14:27:58.635	2026-04-28 14:27:58.635	\N
4d06e251-c3f1-411e-8223-aaef2474f2a8	INV-20260428-2069	2026-04-28 14:29:32.149	30000.00	QRIS	30000.00	0.00	t	2026-04-28 14:29:34.83	2026-04-28 14:29:34.83	\N
f1a9e34b-de5b-4c27-a109-4a80c17e8ecb	INV-20260428-8662	2026-04-28 14:30:27.415	36000.00	CASH	50000.00	14000.00	t	2026-04-28 14:30:30.228	2026-04-28 14:30:30.228	\N
665b17b1-d568-4c12-8535-71df8e8f9721	INV-20260428-4666	2026-04-28 14:31:54.127	20000.00	CASH	20000.00	0.00	t	2026-04-28 14:31:56.913	2026-04-28 14:31:56.913	\N
989e55e8-0531-4d05-a71c-e290d5838376	INV-20260428-6665	2026-04-28 14:33:08.782	40000.00	CASH	50000.00	10000.00	t	2026-04-28 14:33:11.492	2026-04-28 14:33:11.492	\N
ca9ebff2-7bb3-45aa-aa73-3d296d883cf1	INV-20260428-1889	2026-04-28 14:34:04.9	24000.00	CASH	25000.00	1000.00	t	2026-04-28 14:34:07.646	2026-04-28 14:34:07.646	\N
b40160cf-bc2d-4e30-809b-278cbb564e3a	INV-20260428-9663	2026-04-28 14:39:09.93	48000.00	CASH	50000.00	2000.00	t	2026-04-28 14:39:12.458	2026-04-28 14:39:12.458	\N
65a619c0-2842-4a5a-81f0-e1ff4dafdb76	INV-20260428-1724	2026-04-28 14:40:04.111	30000.00	QRIS	30000.00	0.00	t	2026-04-28 14:40:06.394	2026-04-28 14:40:06.394	\N
2d8cd83b-b704-4f14-b723-b151d4f7ed41	INV-20260428-6130	2026-04-28 14:41:50.5	52000.00	CASH	60000.00	8000.00	t	2026-04-28 14:41:53.512	2026-04-28 14:41:53.512	\N
fc35a575-ba19-4f43-9695-7e0e37086fd4	INV-20260428-5999	2026-04-28 14:55:07.093	32000.00	CASH	32000.00	0.00	t	2026-04-28 14:55:10.169	2026-04-28 14:55:10.169	\N
9294420a-1f73-482a-bb4c-d35aef20526a	INV-20260429-9030	2026-04-29 12:07:02.001	24000.00	CASH	50000.00	26000.00	t	2026-04-29 12:07:03.37	2026-04-29 12:07:03.37	\N
ea4bbedb-0f67-4868-b0aa-118bf3ec7c68	INV-20260429-3422	2026-04-29 12:08:42.561	48000.00	CASH	50000.00	2000.00	t	2026-04-29 12:08:43.853	2026-04-29 12:08:43.853	\N
8f1f155d-5d1b-433a-993c-f531936caa4d	INV-20260429-1930	2026-04-29 12:10:23.905	72000.00	CASH	72000.00	0.00	t	2026-04-29 12:10:25.305	2026-04-29 12:10:25.305	\N
3c95d33c-91bb-43ef-a57c-54ad57a13661	INV-20260429-4448	2026-04-29 12:12:12.666	36000.00	CASH	50000.00	14000.00	t	2026-04-29 12:12:14.178	2026-04-29 12:12:14.178	\N
148cb1d3-0dcf-411e-a41f-5fade8e825b6	INV-20260429-2051	2026-04-29 12:13:04.922	15000.00	CASH	15000.00	0.00	t	2026-04-29 12:13:06.227	2026-04-29 12:13:06.227	\N
a393947c-4b3e-4037-9999-f2ce88a8880e	INV-20260429-6942	2026-04-29 12:14:29.236	20000.00	CASH	20000.00	0.00	t	2026-04-29 12:14:30.622	2026-04-29 12:14:30.622	\N
f0e58147-9ac2-4f1e-9c71-3f75d654bff6	INV-20260429-2056	2026-04-29 12:15:25.361	39000.00	CASH	50000.00	11000.00	t	2026-04-29 12:15:26.964	2026-04-29 12:15:26.964	\N
8ead8006-dfc5-4811-b0c9-0704c350bc29	INV-20260429-2156	2026-04-29 12:16:27.037	12000.00	CASH	15000.00	3000.00	t	2026-04-29 12:16:28.185	2026-04-29 12:16:28.185	\N
55f582fa-b426-4dfa-880c-a3bf76cae44e	INV-20260429-7313	2026-04-29 12:16:52.884	12000.00	CASH	15000.00	3000.00	t	2026-04-29 12:16:53.975	2026-04-29 12:16:53.975	\N
3d59149f-a355-40d3-9882-416abb363e19	INV-20260429-5614	2026-04-29 12:35:38.605	46000.00	CASH	100000.00	54000.00	t	2026-04-29 12:35:40.03	2026-04-29 12:35:40.03	\N
3e8a8b8d-764f-4247-a200-2f2c796ece2a	INV-20260429-3407	2026-04-29 12:38:33.527	27000.00	CASH	50000.00	23000.00	t	2026-04-29 12:38:34.666	2026-04-29 12:38:34.666	\N
fdbb7677-6a0a-4cea-a101-9be1501e4c94	INV-20260429-2118	2026-04-29 13:06:53.724	43000.00	CASH	50000.00	7000.00	t	2026-04-29 13:06:55.021	2026-04-29 13:06:55.021	\N
0e05e7e7-1fb4-4e24-b304-d99ebae255e9	INV-20260429-3734	2026-04-29 13:16:27.881	60000.00	CASH	100000.00	40000.00	t	2026-04-29 13:16:29.123	2026-04-29 13:16:29.123	\N
a2eb803a-0d70-4a93-9467-6dc504149043	INV-20260429-4335	2026-04-29 13:17:15.419	30000.00	CASH	30000.00	0.00	t	2026-04-29 13:17:16.612	2026-04-29 13:17:16.612	\N
d18043d3-19cc-4e28-9c0e-73e2f161c700	INV-20260429-1823	2026-04-29 13:19:21.517	30000.00	CASH	50000.00	20000.00	t	2026-04-29 13:19:23.034	2026-04-29 13:19:23.034	\N
63132158-fcc3-4177-965b-26ad87a80701	INV-20260429-5567	2026-04-29 13:30:56.1	32000.00	CASH	50000.00	18000.00	t	2026-04-29 13:30:57.386	2026-04-29 13:30:57.386	\N
a54e10d2-6724-4d7d-a2af-5d1a6a55001a	INV-20260429-6755	2026-04-29 14:31:37.168	40000.00	CASH	50000.00	10000.00	t	2026-04-29 14:31:38.608	2026-04-29 14:31:38.608	\N
716a76f9-f65d-43f9-acea-21839e5a3110	INV-20260429-8362	2026-04-29 14:32:41.528	32000.00	CASH	50000.00	18000.00	t	2026-04-29 14:32:42.859	2026-04-29 14:32:42.859	\N
341edad0-d9eb-44a3-a10e-fee703204e68	INV-20260501-1643	2026-05-01 12:33:13.942	70000.00	CASH	100000.00	30000.00	t	2026-05-01 12:33:17.814	2026-05-01 12:33:17.814	\N
fc01a02e-f6d4-4e75-abd3-36f0b4c0cbb4	INV-20260501-2496	2026-05-01 12:33:44.066	12000.00	CASH	15000.00	3000.00	t	2026-05-01 12:33:47.687	2026-05-01 12:33:47.687	\N
d9fd2dc7-b193-4c50-a6e3-7ae0bcdbaace	INV-20260501-4676	2026-05-01 12:34:46.686	12000.00	CASH	12000.00	0.00	t	2026-05-01 12:34:50.062	2026-05-01 12:34:50.062	\N
1989c2b7-52dd-4521-9f5a-fb916f4abf78	INV-20260501-5554	2026-05-01 12:35:13.675	12000.00	CASH	12000.00	0.00	t	2026-05-01 12:35:17.126	2026-05-01 12:35:17.126	\N
62eb30e5-9faa-4cb2-a8df-adca1e7fd7f8	INV-20260501-4500	2026-05-01 12:46:18.394	24000.00	CASH	50000.00	26000.00	t	2026-05-01 12:46:23.502	2026-05-01 12:46:23.502	\N
35ec4164-340e-4c1a-b995-670ff6583f7e	INV-20260501-3943	2026-05-01 12:47:06.001	24000.00	QRIS	24000.00	0.00	t	2026-05-01 12:47:11.31	2026-05-01 12:47:11.31	\N
5b99a928-feac-4454-9729-ef01d641760c	INV-20260501-2408	2026-05-01 12:47:46.695	15000.00	CASH	15000.00	0.00	t	2026-05-01 12:47:50.003	2026-05-01 12:47:50.003	\N
9f64209f-d805-4e3d-98ca-d6caef12d9d8	INV-20260501-1396	2026-05-01 12:49:11.419	60000.00	CASH	100000.00	40000.00	t	2026-05-01 12:49:14.668	2026-05-01 12:49:14.668	\N
cd1e1523-00f6-4e0c-b082-27fabfbfafd5	INV-20260501-2606	2026-05-01 12:50:33.552	24000.00	CASH	50000.00	26000.00	t	2026-05-01 12:50:36.313	2026-05-01 12:50:36.313	\N
42dfac12-4b34-4736-a030-40915d448c26	INV-20260501-8310	2026-05-01 15:10:49.274	12000.00	CASH	15000.00	3000.00	t	2026-05-01 15:10:52.703	2026-05-01 15:10:52.703	\N
89fb6540-ef5e-46d4-8d75-527b32afbf96	INV-20260501-2619	2026-05-01 15:11:39.041	63000.00	CASH	100000.00	37000.00	t	2026-05-01 15:11:42.431	2026-05-01 15:11:42.431	\N
6d27e6cf-ee29-4f27-bf74-de620d960078	INV-20260501-2017	2026-05-01 15:12:27.167	65000.00	CASH	100000.00	35000.00	t	2026-05-01 15:12:30.772	2026-05-01 15:12:30.772	\N
324c8f5a-c616-4940-9bba-2cd558928917	INV-20260501-7325	2026-05-01 15:13:05.368	16000.00	CASH	20000.00	4000.00	t	2026-05-01 15:13:08.692	2026-05-01 15:13:08.692	\N
fefcfd59-3262-48c2-85d1-d7c7371a22ac	INV-20260502-1625	2026-05-02 11:37:53.341	120000.00	QRIS	120000.00	0.00	t	2026-05-02 11:37:55.071	2026-05-02 11:37:55.071	\N
582fed0c-23a8-46dc-aa52-71edfcdc0a9b	INV-20260502-5704	2026-05-02 12:09:51.761	72000.00	CASH	100000.00	28000.00	t	2026-05-02 12:09:53.204	2026-05-02 12:09:53.204	\N
ef041108-2649-47ae-b1a0-718805423c73	INV-20260502-7712	2026-05-02 13:07:00.431	24000.00	CASH	50000.00	26000.00	t	2026-05-02 13:07:02.009	2026-05-02 13:07:02.009	\N
41cb90a1-2ec7-49a0-9d14-79271d8d90aa	INV-20260502-4204	2026-05-02 13:14:09.171	24000.00	CASH	50000.00	26000.00	t	2026-05-02 13:14:10.495	2026-05-02 13:14:10.495	\N
2443a559-8d8d-441e-a6dd-8cc21781c1f3	INV-20260502-9509	2026-05-02 13:14:39.469	32000.00	CASH	50000.00	18000.00	t	2026-05-02 13:14:41.742	2026-05-02 13:14:41.742	\N
9fbc72a0-8715-4c35-af6e-a5887df040f4	INV-20260502-3548	2026-05-02 13:16:51.032	15000.00	CASH	15000.00	0.00	t	2026-05-02 13:16:52.705	2026-05-02 13:16:52.705	\N
2620a6d1-e0b8-40a8-b080-35fad1a8659b	INV-20260502-4065	2026-05-02 13:22:25.301	17000.00	CASH	20000.00	3000.00	t	2026-05-02 13:22:26.899	2026-05-02 13:22:26.899	\N
024680a0-171c-4f0a-a1a2-84c5721f55b9	INV-20260502-3861	2026-05-02 13:38:21.801	24000.00	CASH	100000.00	76000.00	t	2026-05-02 13:38:23.331	2026-05-02 13:38:23.331	\N
13013fb9-569c-459f-aef9-3c39096e6b17	INV-20260502-2218	2026-05-02 13:39:39.53	76000.00	QRIS	76000.00	0.00	t	2026-05-02 13:39:41.005	2026-05-02 13:39:41.005	\N
abd2f426-1bea-4d4f-8bb7-0f20e74a532e	INV-20260502-1740	2026-05-02 13:41:02.547	47000.00	QRIS	47000.00	0.00	t	2026-05-02 13:41:04.076	2026-05-02 13:41:04.076	\N
bd5afacc-f78b-4da9-9ae2-b05950064757	INV-20260502-2952	2026-05-02 14:48:18.73	69000.00	CASH	100000.00	31000.00	t	2026-05-02 14:48:21.629	2026-05-02 14:48:21.629	\N
febe202a-f760-4ae1-84e7-866792cd257a	INV-20260502-2251	2026-05-02 14:48:46.941	12000.00	CASH	15000.00	3000.00	t	2026-05-02 14:48:48.335	2026-05-02 14:48:48.335	\N
f88e5b7b-eac6-4fca-aa5c-294a7dca0350	INV-20260502-8349	2026-05-02 14:49:03.598	24000.00	CASH	50000.00	26000.00	t	2026-05-02 14:49:04.5	2026-05-02 14:49:04.5	\N
e0487746-38db-4d5a-8884-d84d401c505c	INV-20260503-2195	2026-05-03 12:21:15.319	15000.00	CASH	15000.00	0.00	t	2026-05-03 12:21:17.144	2026-05-03 12:21:17.144	\N
d7042f7e-56ab-4f27-9cc9-260ea1c07691	INV-20260503-6807	2026-05-03 12:21:55.536	24000.00	CASH	50000.00	26000.00	t	2026-05-03 12:21:57.066	2026-05-03 12:21:57.066	\N
b1cb9359-407b-4863-a76e-dbfd017e0d8c	INV-20260503-7813	2026-05-03 12:22:22.448	12000.00	CASH	12000.00	0.00	t	2026-05-03 12:22:23.375	2026-05-03 12:22:23.375	\N
ba896c61-997a-4b54-9bff-ead7e321f175	INV-20260503-2209	2026-05-03 12:23:02.124	21000.00	CASH	50000.00	29000.00	t	2026-05-03 12:23:03.662	2026-05-03 12:23:03.662	\N
d4e5a56e-dbd8-4c6c-9ca2-ff582f366599	INV-20260503-5877	2026-05-03 12:23:39.481	24000.00	QRIS	24000.00	0.00	t	2026-05-03 12:23:40.81	2026-05-03 12:23:40.81	\N
d17a21e6-3641-4dc3-8d4b-c36bcffcae69	INV-20260503-5802	2026-05-03 12:24:20.967	72000.00	CASH	100000.00	28000.00	t	2026-05-03 12:24:22.384	2026-05-03 12:24:22.384	\N
fcccafde-e3d8-44d4-bc5a-1dd8865b74aa	INV-20260503-2022	2026-05-03 12:25:30.84	24000.00	CASH	50000.00	26000.00	t	2026-05-03 12:25:32.605	2026-05-03 12:25:32.605	\N
3134638d-898e-4c91-849f-0303082f46fd	INV-20260503-7121	2026-05-03 12:26:14.075	28000.00	CASH	50000.00	22000.00	t	2026-05-03 12:26:15.363	2026-05-03 12:26:15.363	\N
aca676c4-3697-49ed-8d63-ecbeaa0beb5c	INV-20260503-3082	2026-05-03 12:26:48.918	24000.00	CASH	50000.00	26000.00	t	2026-05-03 12:26:50.282	2026-05-03 12:26:50.282	\N
d9ce184b-931c-418e-b4fa-82a4805fe266	INV-20260504-8531	2026-05-04 11:38:45.556	24000.00	CASH	50000.00	26000.00	t	2026-05-04 11:38:47.481	2026-05-04 11:38:47.481	\N
7ce976a2-6f16-4e82-a2b6-d0cab45dfb6a	INV-20260504-6069	2026-05-04 11:39:17.574	12000.00	CASH	20000.00	8000.00	t	2026-05-04 11:39:19.259	2026-05-04 11:39:19.259	\N
88a45bed-8839-4554-a34e-e8b2763bc74a	INV-20260504-8844	2026-05-04 11:39:30.706	24000.00	QRIS	24000.00	0.00	t	2026-05-04 11:39:32.346	2026-05-04 11:39:32.346	\N
9b3a6093-e468-4695-a846-9a9ed0b16cf1	INV-20260504-3195	2026-05-04 13:04:59.032	14000.00	CASH	15000.00	1000.00	t	2026-05-04 13:05:00.799	2026-05-04 13:05:00.799	\N
c71079e3-7f58-4157-af69-e856f4625d11	INV-20260504-8990	2026-05-04 13:05:25.286	36000.00	CASH	50000.00	14000.00	t	2026-05-04 13:05:27.146	2026-05-04 13:05:27.146	\N
bb3a49cc-7e93-488e-ac95-aafd26d188e0	INV-20260504-5608	2026-05-04 13:06:57.192	72000.00	QRIS	72000.00	0.00	t	2026-05-04 13:06:59.281	2026-05-04 13:06:59.281	\N
46c838b5-d50d-4ff6-afdf-98b0e1e1ee07	INV-20260504-2500	2026-05-04 13:07:52.192	24000.00	CASH	50000.00	26000.00	t	2026-05-04 13:07:53.901	2026-05-04 13:07:53.901	\N
bdb564d0-2d67-4581-8558-4ec25d91ceb2	INV-20260504-4497	2026-05-04 13:08:59.807	31000.00	CASH	50000.00	19000.00	t	2026-05-04 13:09:01.139	2026-05-04 13:09:01.139	\N
bf460057-f8fc-4fe6-987b-daa9ca772039	INV-20260504-9842	2026-05-04 14:18:22.722	12000.00	CASH	15000.00	3000.00	t	2026-05-04 14:18:24.549	2026-05-04 14:18:24.549	\N
02b0d874-1e20-4fbb-995f-b66eae5070ac	INV-20260504-2389	2026-05-04 14:18:41.448	32000.00	CASH	50000.00	18000.00	t	2026-05-04 14:18:43.156	2026-05-04 14:18:43.156	\N
85c19797-598b-4a5d-a449-a9b6e7eedffa	INV-20260504-2242	2026-05-04 14:19:13.345	16000.00	CASH	20000.00	4000.00	t	2026-05-04 14:19:15.018	2026-05-04 14:19:15.018	\N
31aaa442-ff63-4937-8386-eb696cb6a4b6	INV-20260504-7245	2026-05-04 15:27:11.751	24000.00	CASH	50000.00	26000.00	t	2026-05-04 15:27:13.667	2026-05-04 15:27:13.667	\N
2ac1d0f9-835c-4e73-b150-0c9ffdc02287	INV-20260504-3226	2026-05-04 15:27:45.405	45000.00	CASH	100000.00	55000.00	t	2026-05-04 15:27:48.819	2026-05-04 15:27:48.819	\N
1157baa2-ff3b-45f7-924f-6b4d1947f228	INV-20260504-3243	2026-05-04 15:29:02.002	48000.00	CASH	50000.00	2000.00	t	2026-05-04 15:29:03.717	2026-05-04 15:29:03.717	\N
97db59a2-9ee9-4d17-a469-514d1700075a	INV-20260505-2600	2026-05-05 03:27:47.515	12000.00	CASH	20000.00	8000.00	t	2026-05-05 03:27:46.412	2026-05-05 03:28:06.807	2026-05-05 03:28:06.804
aaefeed7-dee2-4647-84d2-668b886ca9de	INV-20260505-3799	2026-05-05 06:22:16.227	12000.00	QRIS	12000.00	0.00	t	2026-05-05 06:22:16.811	2026-05-05 06:22:30.627	2026-05-05 06:22:30.625
cda9f536-0c53-4de9-ad0f-9d736058c40a	INV-20260505-5191	2026-05-05 12:41:19.262	24000.00	CASH	50000.00	26000.00	t	2026-05-05 12:41:22.069	2026-05-05 12:41:22.069	\N
3ba245c0-cc09-4a7b-9443-c64983e695c8	INV-20260505-7510	2026-05-05 12:42:18.623	12000.00	CASH	20000.00	8000.00	t	2026-05-05 12:42:21.246	2026-05-05 12:42:21.246	\N
801293d7-a4ce-4e08-a193-8779fdf52dc8	INV-20260505-5170	2026-05-05 12:43:13.184	36000.00	CASH	50000.00	14000.00	t	2026-05-05 12:43:15.799	2026-05-05 12:43:15.799	\N
3bc5f396-2d56-4efd-99ec-4da710f04d19	INV-20260505-3985	2026-05-05 12:43:41.253	32000.00	CASH	50000.00	18000.00	t	2026-05-05 12:43:43.33	2026-05-05 12:43:43.33	\N
77283d5c-219c-46c3-a521-f96a5b558b00	INV-20260505-4560	2026-05-05 12:44:15.478	38000.00	QRIS	38000.00	0.00	t	2026-05-05 12:44:17.486	2026-05-05 12:44:17.486	\N
4e61ed86-1093-4727-8918-28c8e325dfc5	INV-20260505-6377	2026-05-05 12:44:52.823	18000.00	CASH	20000.00	2000.00	t	2026-05-05 12:44:54.978	2026-05-05 12:44:54.978	\N
e016d549-9a8b-4a15-b6ea-fa543e0ba72b	INV-20260505-6623	2026-05-05 12:45:22.472	12000.00	CASH	15000.00	3000.00	t	2026-05-05 12:45:24.155	2026-05-05 12:45:24.155	\N
49118a85-3121-490b-a4a9-0eabe8d23b1a	INV-20260505-7022	2026-05-05 13:26:53.703	68000.00	CASH	100000.00	32000.00	t	2026-05-05 13:26:56.339	2026-05-05 13:26:56.339	\N
124b2bca-6092-4fb1-bd56-39d2a765e7ec	INV-20260505-5699	2026-05-05 14:07:48.059	28000.00	CASH	50000.00	22000.00	t	2026-05-05 14:07:50.642	2026-05-05 14:07:50.642	\N
690036dd-eb04-47eb-88b7-2e115641641d	INV-20260505-7586	2026-05-05 15:03:01.095	32000.00	CASH	50000.00	18000.00	t	2026-05-05 15:03:03.432	2026-05-05 15:03:03.432	\N
b1864e60-90fa-4860-83bd-d9c233350547	INV-20260505-2675	2026-05-05 15:03:34.683	36000.00	CASH	100000.00	64000.00	t	2026-05-05 15:03:36.848	2026-05-05 15:03:36.848	\N
b96810d5-4241-4e03-a1cc-b4c319f4ad2a	INV-20260505-9789	2026-05-05 15:04:03.079	65000.00	CASH	100000.00	35000.00	t	2026-05-05 15:04:05.277	2026-05-05 15:04:05.277	\N
9134f3a7-50ca-437f-b47e-5afe73803bef	INV-20260505-1966	2026-05-05 15:04:32.776	30000.00	CASH	50000.00	20000.00	t	2026-05-05 15:04:34.876	2026-05-05 15:04:34.876	\N
b31bf75c-8aee-4cdd-8932-1c8900c8b1b2	INV-20260505-8671	2026-05-05 15:05:06.068	36000.00	QRIS	36000.00	0.00	t	2026-05-05 15:05:08.244	2026-05-05 15:05:08.244	\N
33812570-5c4a-4d92-b6de-7b47a0b1e790	INV-20260505-2160	2026-05-05 15:05:30.944	18000.00	QRIS	18000.00	0.00	t	2026-05-05 15:05:33.106	2026-05-05 15:05:33.106	\N
7244ab12-81c8-481a-ae22-82861a29afd7	INV-20260509-9049	2026-05-09 12:01:42.553	12000.00	CASH	15000.00	3000.00	t	2026-05-09 12:01:45.013	2026-05-09 12:01:45.013	\N
bcd5352d-365e-4c0b-8886-5eddb6598f29	INV-20260509-3001	2026-05-09 12:06:53.924	16000.00	CASH	20000.00	4000.00	t	2026-05-09 12:06:56.016	2026-05-09 12:06:56.016	\N
c59b0873-3c09-4694-870d-c189d1bed22f	INV-20260509-7409	2026-05-09 12:09:47.966	48000.00	CASH	50000.00	2000.00	t	2026-05-09 12:09:49.884	2026-05-09 12:09:49.884	\N
e246bb29-f980-47be-9edb-9c470dcd2522	INV-20260509-1822	2026-05-09 12:10:10.878	64000.00	CASH	100000.00	36000.00	t	2026-05-09 12:10:13.275	2026-05-09 12:10:13.275	\N
2d0c841c-3a45-4f4c-899f-ad04541e79e6	INV-20260509-3786	2026-05-09 12:10:47.149	12000.00	CASH	20000.00	8000.00	t	2026-05-09 12:10:49.496	2026-05-09 12:10:49.496	\N
b0720f6f-df6f-404f-81ae-6ccdde2c3367	INV-20260509-7692	2026-05-09 12:11:20.354	16000.00	CASH	20000.00	4000.00	t	2026-05-09 12:11:22.713	2026-05-09 12:11:22.713	\N
c6e7b060-b532-41ff-a710-64e28834af71	INV-20260509-3978	2026-05-09 12:11:57.779	36000.00	CASH	50000.00	14000.00	t	2026-05-09 12:12:00.123	2026-05-09 12:12:00.123	\N
73ff676f-cf5f-4084-87c5-1e729af2d52e	INV-20260509-2517	2026-05-09 12:34:42.474	48000.00	CASH	50000.00	2000.00	t	2026-05-09 12:34:44.791	2026-05-09 12:34:44.791	\N
8ec8ee5a-5456-42c5-9b3e-ce8ef17b2d6f	INV-20260509-3479	2026-05-09 12:51:50.517	34000.00	CASH	100000.00	66000.00	t	2026-05-09 12:51:53.356	2026-05-09 12:51:53.356	\N
ec2d3aa2-dc76-49ab-b4ca-eda19b4c9b57	INV-20260509-7597	2026-05-09 14:35:54.12	12000.00	CASH	15000.00	3000.00	t	2026-05-09 14:35:56.352	2026-05-09 14:35:56.352	\N
cf23f75e-b367-4710-9c3e-1d18c48e88b1	INV-20260509-3855	2026-05-09 14:36:50.258	38000.00	CASH	100000.00	62000.00	t	2026-05-09 14:36:52.535	2026-05-09 14:36:52.535	\N
10b8a4ef-ae92-4a24-b887-b8496ea623f1	INV-20260509-2858	2026-05-09 14:37:20.531	12000.00	QRIS	12000.00	0.00	t	2026-05-09 14:37:22.628	2026-05-09 14:37:22.628	\N
9d8b673d-8c5b-40e9-a779-0fe4a998aa9b	INV-20260509-9662	2026-05-09 14:38:27.056	32000.00	QRIS	32000.00	0.00	t	2026-05-09 14:38:29.202	2026-05-09 14:38:29.202	\N
fe12a466-c31d-4fcb-880d-166d319d2a37	INV-20260509-2899	2026-05-09 14:39:00.147	45000.00	CASH	100000.00	55000.00	t	2026-05-09 14:39:02.247	2026-05-09 14:39:02.247	\N
68a3836f-116c-4b77-8d27-7d4a368c1a9e	INV-20260509-9168	2026-05-09 14:40:31.369	48000.00	CASH	50000.00	2000.00	t	2026-05-09 14:40:33.009	2026-05-09 14:40:33.009	\N
312f7e00-87d1-4429-a226-3c009f04383d	INV-20260509-8715	2026-05-09 14:41:01.476	39000.00	CASH	50000.00	11000.00	t	2026-05-09 14:41:03.636	2026-05-09 14:41:03.636	\N
f910617f-d12f-4e3b-9cae-28ade685e73a	INV-20260510-4514	2026-05-10 12:12:46.443	40000.00	CASH	100000.00	60000.00	t	2026-05-10 12:12:49.162	2026-05-10 12:12:49.162	\N
f34619fb-17a7-4fb6-b091-55c7761299ec	INV-20260510-5061	2026-05-10 12:13:33.299	65000.00	CASH	100000.00	35000.00	t	2026-05-10 12:13:35.639	2026-05-10 12:13:35.639	\N
5e8f8e1e-990d-4dca-9dbc-64aab7a35256	INV-20260510-6842	2026-05-10 12:14:13.389	36000.00	QRIS	36000.00	0.00	t	2026-05-10 12:14:15.708	2026-05-10 12:14:15.708	\N
3fad14ed-d411-4ea3-89b3-068296dab950	INV-20260510-8097	2026-05-10 13:16:02.378	51000.00	CASH	100000.00	49000.00	t	2026-05-10 13:16:06.107	2026-05-10 13:16:06.107	\N
09420d50-ddd1-478f-8b41-34363633c00e	INV-20260510-9785	2026-05-10 13:16:55.619	12000.00	CASH	15000.00	3000.00	t	2026-05-10 13:16:57.933	2026-05-10 13:16:57.933	\N
4540e7d0-392d-44f8-abab-076fd8bada1a	INV-20260510-4658	2026-05-10 13:19:45.661	53000.00	QRIS	53000.00	0.00	t	2026-05-10 13:19:48.122	2026-05-10 13:19:48.122	\N
dfb398b1-b938-4cad-b83c-56b44bf5513c	INV-20260510-8375	2026-05-10 13:38:54.692	36000.00	CASH	100000.00	64000.00	t	2026-05-10 13:38:56.851	2026-05-10 13:38:56.851	\N
171221d9-2aca-4af5-bdb8-a60739d05c86	INV-20260510-2144	2026-05-10 13:39:32.526	60000.00	QRIS	60000.00	0.00	t	2026-05-10 13:39:34.84	2026-05-10 13:39:34.84	\N
0dff1f3f-8e25-4443-ac84-a7f5cbad1f8f	INV-20260510-3537	2026-05-10 14:28:50.439	84000.00	QRIS	84000.00	0.00	t	2026-05-10 14:28:52.786	2026-05-10 14:28:52.786	\N
aad53307-73a2-481c-b843-7da452a3cdd5	INV-20260510-9359	2026-05-10 14:29:29.761	12000.00	CASH	20000.00	8000.00	t	2026-05-10 14:29:32.296	2026-05-10 14:29:32.296	\N
dd131cd3-1ba3-40dd-9ddd-fe269a30d0f5	INV-20260510-9153	2026-05-10 14:49:11.997	72000.00	QRIS	72000.00	0.00	t	2026-05-10 14:49:14.723	2026-05-10 14:49:14.723	\N
da761263-65c1-4bc9-bde6-7ff52d6504f2	INV-20260510-5708	2026-05-10 14:49:36.954	24000.00	CASH	50000.00	26000.00	t	2026-05-10 14:49:39.43	2026-05-10 14:49:39.43	\N
6d48623f-fa60-48a7-8c34-296a8b45fcd1	INV-20260511-4100	2026-05-11 15:44:04.153	12000.00	CASH	12000.00	0.00	t	2026-05-11 15:44:06.082	2026-05-11 15:44:06.082	\N
51b90bed-55d1-4f59-9c8d-34dd87314bdb	INV-20260511-7162	2026-05-11 15:44:39.296	35000.00	CASH	50000.00	15000.00	t	2026-05-11 15:44:40.842	2026-05-11 15:44:40.842	\N
dc3ce18d-59de-4c2f-8341-0d6d376733a9	INV-20260511-7202	2026-05-11 15:45:35.367	42000.00	QRIS	42000.00	0.00	t	2026-05-11 15:45:36.864	2026-05-11 15:45:36.864	\N
41670df8-7d4a-4c3f-ad5a-98e176b7cb78	INV-20260511-1928	2026-05-11 15:46:22.417	24000.00	CASH	50000.00	26000.00	t	2026-05-11 15:46:23.431	2026-05-11 15:46:23.431	\N
a7bfa3c4-4a6a-409d-b335-f2424f9d27c0	INV-20260511-9490	2026-05-11 15:47:08.305	72000.00	QRIS	72000.00	0.00	t	2026-05-11 15:47:09.841	2026-05-11 15:47:09.841	\N
957f8e5b-9de9-4853-b5a5-36acc3891f84	INV-20260511-1086	2026-05-11 15:47:37.897	24000.00	CASH	50000.00	26000.00	t	2026-05-11 15:47:39.335	2026-05-11 15:47:39.335	\N
7f716687-d992-4d9b-9218-36ee1348d6b7	INV-20260511-8919	2026-05-11 15:48:08.61	36000.00	QRIS	36000.00	0.00	t	2026-05-11 15:48:09.907	2026-05-11 15:48:09.907	\N
7d6d5f0c-c26a-4276-b436-0d46882880a2	INV-20260511-5504	2026-05-11 15:49:04.221	75000.00	CASH	100000.00	25000.00	t	2026-05-11 15:49:05.618	2026-05-11 15:49:05.618	\N
ce4ee541-3d7c-459b-a70c-a75e01fa7d48	INV-20260511-5906	2026-05-11 15:49:41.835	45000.00	CASH	50000.00	5000.00	t	2026-05-11 15:49:42.788	2026-05-11 15:49:42.788	\N
8450e605-9001-472b-84b7-905f18bbcf18	INV-20260511-8963	2026-05-11 15:50:17.587	60000.00	CASH	100000.00	40000.00	t	2026-05-11 15:50:18.565	2026-05-11 15:50:18.565	\N
f37c4d3b-ff3a-47aa-a117-ddd002b800b2	INV-20260511-1831	2026-05-11 15:51:08.648	50000.00	CASH	50000.00	0.00	t	2026-05-11 15:51:10.04	2026-05-11 15:51:10.04	\N
97a67d1d-061b-4967-bc02-69e1edbaae23	INV-20260511-9180	2026-05-11 15:51:43.856	84000.00	CASH	100000.00	16000.00	t	2026-05-11 15:51:45.02	2026-05-11 15:51:45.02	\N
8f7c5c87-a55b-45ef-b187-60429e47317e	INV-20260511-8012	2026-05-11 15:52:15.008	48000.00	CASH	50000.00	2000.00	t	2026-05-11 15:52:16.103	2026-05-11 15:52:16.103	\N
30f7105e-a67c-427b-8aab-2a72cff2157d	INV-20260511-9256	2026-05-11 15:53:07.107	60000.00	QRIS	60000.00	0.00	t	2026-05-11 15:53:08.516	2026-05-11 15:53:08.516	\N
c19e9580-0f0f-4ccb-8caa-01f66047e607	INV-20260511-2199	2026-05-11 15:53:32.072	36000.00	CASH	50000.00	14000.00	t	2026-05-11 15:53:33.131	2026-05-11 15:53:33.131	\N
62af9936-61ff-4fe9-8f51-43479e15041c	INV-20260513-9146	2026-05-13 13:58:34.036	48000.00	CASH	50000.00	2000.00	t	2026-05-13 13:58:35.283	2026-05-13 13:58:35.283	\N
c155abad-32dd-43d9-b005-6438fdc9bb9f	INV-20260513-5682	2026-05-13 13:59:42.697	45000.00	CASH	100000.00	55000.00	t	2026-05-13 13:59:44.569	2026-05-13 13:59:44.569	\N
d3c9316c-85e8-4419-b569-0f322608a219	INV-20260513-5179	2026-05-13 14:00:30.555	37000.00	QRIS	37000.00	0.00	t	2026-05-13 14:00:32.057	2026-05-13 14:00:32.057	\N
6c3ed4aa-da02-41f5-b6be-766e13aa8161	INV-20260513-6325	2026-05-13 14:01:22.305	20000.00	QRIS	20000.00	0.00	t	2026-05-13 14:01:24.08	2026-05-13 14:01:24.08	\N
34a760a2-b1e3-4319-99c0-0a73a4bc066d	INV-20260513-8069	2026-05-13 14:01:50.465	48000.00	CASH	100000.00	52000.00	t	2026-05-13 14:01:51.956	2026-05-13 14:01:51.956	\N
cfe6379d-e316-4090-8296-f3bffc2e6a15	INV-20260513-5938	2026-05-13 14:03:24.921	48000.00	QRIS	48000.00	0.00	t	2026-05-13 14:03:26.503	2026-05-13 14:03:26.503	\N
d6984f05-d3a4-470e-81b6-2d5d90c11a27	INV-20260513-1209	2026-05-13 14:03:51.538	12000.00	CASH	12000.00	0.00	t	2026-05-13 14:03:53.18	2026-05-13 14:03:53.18	\N
fcaccf9a-ac0b-48b3-a715-600854ee7402	INV-20260515-1418	2026-05-15 13:46:06.353	12000.00	CASH	15000.00	3000.00	t	2026-05-15 13:46:08.163	2026-05-15 13:46:08.163	\N
6a416f76-c0b0-4b62-9d47-ce65f9ba5aa7	INV-20260515-7339	2026-05-15 13:46:31.266	12000.00	CASH	15000.00	3000.00	t	2026-05-15 13:46:32.886	2026-05-15 13:46:32.886	\N
3a192ce6-9cbc-4a0d-b148-5df964e59e68	INV-20260515-3854	2026-05-15 13:47:27.759	24000.00	CASH	50000.00	26000.00	t	2026-05-15 13:47:29.741	2026-05-15 13:47:29.741	\N
88c2af61-879a-4e71-8140-5633cb87b080	INV-20260515-8408	2026-05-15 13:48:30.83	48000.00	CASH	50000.00	2000.00	t	2026-05-15 13:48:32.518	2026-05-15 13:48:32.518	\N
87dfb6a4-1e11-42e0-88d7-43ecbb89dc58	INV-20260515-1857	2026-05-15 13:49:25.206	24000.00	CASH	100000.00	76000.00	t	2026-05-15 13:49:27.014	2026-05-15 13:49:27.014	\N
22f50788-90d5-44db-a15d-2281e986606d	INV-20260515-1846	2026-05-15 13:50:30.885	159000.00	QRIS	159000.00	0.00	t	2026-05-15 13:50:32.408	2026-05-15 13:50:32.408	\N
c471609d-1bc3-42e6-b309-33605c0caa28	INV-20260515-7757	2026-05-15 13:51:05.971	17000.00	QRIS	17000.00	0.00	t	2026-05-15 13:51:07.591	2026-05-15 13:51:07.591	\N
3a452cd6-7f5d-4969-a28a-64f1bb8b9cca	INV-20260515-4299	2026-05-15 13:51:41.467	36000.00	CASH	50000.00	14000.00	t	2026-05-15 13:51:43.138	2026-05-15 13:51:43.138	\N
19680cec-ba76-4ab4-a56f-69b2afe78d0b	INV-20260515-9443	2026-05-15 13:52:07.974	12000.00	CASH	12000.00	0.00	t	2026-05-15 13:52:09.155	2026-05-15 13:52:09.155	\N
b546db7c-5600-4a00-a506-28a7b89faa09	INV-20260515-8435	2026-05-15 13:52:40.431	60000.00	CASH	60000.00	0.00	t	2026-05-15 13:52:42.172	2026-05-15 13:52:42.172	\N
a56cd017-03b8-49ad-b1ff-35d957f860a4	INV-20260515-4504	2026-05-15 13:53:35.442	60000.00	QRIS	60000.00	0.00	t	2026-05-15 13:53:37.044	2026-05-15 13:53:37.044	\N
ba41c26c-a803-4914-be03-143ac34daa60	INV-20260515-1731	2026-05-15 13:54:35.927	38000.00	QRIS	38000.00	0.00	t	2026-05-15 13:54:37.626	2026-05-15 13:54:37.626	\N
9308bb9c-ac36-417d-8523-19f88d934e82	INV-20260515-3578	2026-05-15 15:02:30.676	48000.00	QRIS	48000.00	0.00	t	2026-05-15 15:02:32.483	2026-05-15 15:02:32.483	\N
65db3fca-ae9a-4cbd-9301-7751071016c9	INV-20260515-9172	2026-05-15 15:03:11.451	36000.00	CASH	50000.00	14000.00	t	2026-05-15 15:03:13.354	2026-05-15 15:03:13.354	\N
01eac020-3f08-4e97-8291-520457364a22	INV-20260515-8913	2026-05-15 15:03:32.259	12000.00	CASH	20000.00	8000.00	t	2026-05-15 15:03:34.046	2026-05-15 15:03:34.046	\N
d5d85856-879c-4365-8b8c-924e433c851e	INV-20260515-8151	2026-05-15 15:04:12.491	12000.00	CASH	15000.00	3000.00	t	2026-05-15 15:04:14.345	2026-05-15 15:04:14.345	\N
f82ba65d-e504-4eb0-b7e7-02f18cdb33be	INV-20260515-4700	2026-05-15 15:05:27.637	19000.00	QRIS	19000.00	0.00	t	2026-05-15 15:05:29.466	2026-05-15 15:05:29.466	\N
\.


--
-- Data for Name: TransactionItem; Type: TABLE DATA; Schema: public; Owner: -
--

COPY "public"."TransactionItem" ("id", "transactionId", "productId", "productName", "quantity", "unitPrice", "subTotal", "note") FROM stdin;
cf9c2065-ab81-433c-a5b6-cfe0c4cfcac0	bd0b807b-91a8-4da2-b382-3fb73cc812c2	65f3a54f-f6e6-4a68-8944-f8ae17679609	Mie Goreng	1	12000.00	12000.00	Bungkus
705b2f48-f429-4db1-b8c7-52c13bed9f63	bd0b807b-91a8-4da2-b382-3fb73cc812c2	65f3a54f-f6e6-4a68-8944-f8ae17679609	Mie Goreng	2	12000.00	24000.00	Pedas, Bungkus
72aa7813-bcbb-49f8-b592-c4da5c082c26	bd0b807b-91a8-4da2-b382-3fb73cc812c2	3e867b42-3522-4bf5-b296-3d7b80517d3b	Telur	2	3000.00	6000.00	\N
729b7dfb-235d-43aa-96fd-9b116cbee77b	d6ea2f9d-6b76-4d2c-9bf1-fbc2c08d763e	65f3a54f-f6e6-4a68-8944-f8ae17679609	Mie Goreng	20	12000.00	240000.00	Kuah Sedikit, Pedas Banget, Sambal Extra
45d182e2-1d29-46df-8f77-6fb5fc7608eb	d6ea2f9d-6b76-4d2c-9bf1-fbc2c08d763e	0defbad8-d841-4e95-a811-9355271951a0	Es Jeruk	2	4000.00	8000.00	Tanpa Gula
e20291db-e36f-471d-8520-e26dd027a577	d6ea2f9d-6b76-4d2c-9bf1-fbc2c08d763e	3e867b42-3522-4bf5-b296-3d7b80517d3b	Telur	5	3000.00	15000.00	\N
7b0d8e1f-7801-4d1d-86f9-bc03765466d6	d6ea2f9d-6b76-4d2c-9bf1-fbc2c08d763e	ae35a958-9393-4359-a40c-0bc869b26331	Krupuk	4	1000.00	4000.00	\N
583e3a13-3d91-4764-becc-178f3970a600	34a4d7c9-06ae-4f84-9915-6f99b89c284e	65f3a54f-f6e6-4a68-8944-f8ae17679609	Mie Goreng	1	12000.00	12000.00	Tidak Pedas, Bungkus
9ec3dcc2-ae99-45b0-8719-a2511da145fb	34a4d7c9-06ae-4f84-9915-6f99b89c284e	7b665859-3e5f-4c15-9577-088e8da75977	Mie Kuah	1	12000.00	12000.00	Bungkus, Tidak Pedas
8589f728-c0fe-4977-8faf-b56965429cda	34a4d7c9-06ae-4f84-9915-6f99b89c284e	37d09618-d64e-4f43-9cdd-831d73d37df0	Mie Nyemek	1	12000.00	12000.00	Bungkus, Tidak Pedas
7b0b54f9-5a62-4875-aa5f-366fdce11a91	34a4d7c9-06ae-4f84-9915-6f99b89c284e	d952ef9d-c5a4-4c5b-af88-0264be713100	Nasi Goreng	1	12000.00	12000.00	Bungkus, Tidak Pedas
789b12b4-1a32-4119-ada7-883ab6b7de07	34a4d7c9-06ae-4f84-9915-6f99b89c284e	e5ee3b78-1bdb-4eb9-ac68-40c181ad80ad	Nasi Mawut	1	12000.00	12000.00	Bungkus, Tidak Pedas
e7739b41-736e-4ad2-8779-52e45752aabf	34a4d7c9-06ae-4f84-9915-6f99b89c284e	6641fb46-c43c-43e2-be2b-49e96f15963b	Nasi Mie Godog	1	12000.00	12000.00	\N
fcc7e851-77e6-4e45-bdb1-5b0b73a28818	34a4d7c9-06ae-4f84-9915-6f99b89c284e	b4ecf77f-2700-4251-aaab-b2e5b6d43a43	Sop Sayur	1	12000.00	12000.00	\N
36c7ea5a-c4f7-4889-9932-9f9053ad7f06	34a4d7c9-06ae-4f84-9915-6f99b89c284e	7097335c-d2eb-4cc8-8a47-a1ec0f6b6bd6	Es Teh	13	4000.00	52000.00	\N
a7c6e37c-1b41-41b0-98ad-ecd2ba8dd711	34a4d7c9-06ae-4f84-9915-6f99b89c284e	ae35a958-9393-4359-a40c-0bc869b26331	Krupuk	3	1000.00	3000.00	\N
b902a8f1-a587-4213-bab8-e69baf66d995	34a4d7c9-06ae-4f84-9915-6f99b89c284e	3e867b42-3522-4bf5-b296-3d7b80517d3b	Telur	5	3000.00	15000.00	\N
397bd2ea-2580-4fb4-aebb-2a7180167111	bd4f6e57-2c56-4860-b750-57104786872c	0defbad8-d841-4e95-a811-9355271951a0	Es Jeruk	29	4000.00	116000.00	\N
24186f2f-f756-4f13-925e-7a0127976654	bd4f6e57-2c56-4860-b750-57104786872c	ab451486-becf-49bf-bcba-7152c369caf0	Es Strup	11	4000.00	44000.00	\N
9e267c14-488d-408c-8356-24bc5f56fdc7	bd4f6e57-2c56-4860-b750-57104786872c	7097335c-d2eb-4cc8-8a47-a1ec0f6b6bd6	Es Teh	4	4000.00	16000.00	\N
959cc7af-3e27-40b1-8877-bd7d8ee024e8	bd4f6e57-2c56-4860-b750-57104786872c	2201befb-d03b-432b-8faf-83f442b7d3b2	Jeruk Hangat	3	4000.00	12000.00	\N
645fb428-475a-4899-b47c-f3f8f9639c96	bd4f6e57-2c56-4860-b750-57104786872c	ae35a958-9393-4359-a40c-0bc869b26331	Krupuk	1	1000.00	1000.00	\N
f9ea63f7-e62d-4a19-9ba7-55b413cfa5bb	bd4f6e57-2c56-4860-b750-57104786872c	65f3a54f-f6e6-4a68-8944-f8ae17679609	Mie Goreng	2	12000.00	24000.00	\N
23f2c52a-cb7a-4d92-b261-8694f7799282	bd4f6e57-2c56-4860-b750-57104786872c	7b665859-3e5f-4c15-9577-088e8da75977	Mie Kuah	2	12000.00	24000.00	\N
1e2ec495-0f09-4bc9-a0a0-40792402fe65	bd4f6e57-2c56-4860-b750-57104786872c	37d09618-d64e-4f43-9cdd-831d73d37df0	Mie Nyemek	2	12000.00	24000.00	\N
4ca0af93-b94f-4d46-a4aa-6f56421ac6b1	bd4f6e57-2c56-4860-b750-57104786872c	d952ef9d-c5a4-4c5b-af88-0264be713100	Nasi Goreng	3	12000.00	36000.00	\N
de4098fe-ba1b-49aa-bbcd-735a917a0a78	bd4f6e57-2c56-4860-b750-57104786872c	e5ee3b78-1bdb-4eb9-ac68-40c181ad80ad	Nasi Mawut	3	12000.00	36000.00	\N
972f6d3a-986e-4dbc-a787-03a2233d4d2b	e79b69eb-7e5a-4f0f-812b-f1e6b0e6f861	65f3a54f-f6e6-4a68-8944-f8ae17679609	Mie Goreng	100	12000.00	1200000.00	\N
c1730a2f-b075-401c-9f51-080b7cf9cc18	e79b69eb-7e5a-4f0f-812b-f1e6b0e6f861	0defbad8-d841-4e95-a811-9355271951a0	Es Jeruk	500	4000.00	2000000.00	\N
c5e76ea8-3063-4ce4-8235-6fbb98cbfd9a	844bb067-99e5-4b0c-8eba-eeaba85c93c4	ab451486-becf-49bf-bcba-7152c369caf0	Es Strup	1	4000.00	4000.00	\N
c2e72572-eb6d-453b-98ab-53bf6a96b3c8	1b12ec34-b55d-4753-85d9-f8dd5d2ccadd	0defbad8-d841-4e95-a811-9355271951a0	Es Jeruk	1	4000.00	4000.00	\N
4b2ff265-f050-4cbd-9060-d29a749523cb	b88fb74b-a312-4d9e-8b3a-1f4840cbbac9	0defbad8-d841-4e95-a811-9355271951a0	Es Jeruk	7	4000.00	28000.00	\N
7729b60b-313c-4f75-a65b-75d7f493ebb3	b88fb74b-a312-4d9e-8b3a-1f4840cbbac9	7b665859-3e5f-4c15-9577-088e8da75977	Mie Kuah	2	12000.00	24000.00	\N
0d1c39e4-96fa-42ca-b0d2-deb2efecdc25	b88fb74b-a312-4d9e-8b3a-1f4840cbbac9	65f3a54f-f6e6-4a68-8944-f8ae17679609	Mie Goreng	2	12000.00	24000.00	\N
420260c5-8ba3-4bbc-a187-6cc1901b9c39	b88fb74b-a312-4d9e-8b3a-1f4840cbbac9	d952ef9d-c5a4-4c5b-af88-0264be713100	Nasi Goreng	1	12000.00	12000.00	\N
eb9eb042-3838-445c-b24f-6c91a4ee38d9	b88fb74b-a312-4d9e-8b3a-1f4840cbbac9	e5ee3b78-1bdb-4eb9-ac68-40c181ad80ad	Nasi Mawut	1	12000.00	12000.00	\N
e564bfeb-f507-40d2-a61b-ad5b4e7227dc	b88fb74b-a312-4d9e-8b3a-1f4840cbbac9	6641fb46-c43c-43e2-be2b-49e96f15963b	Nasi Mie Godog	1	12000.00	12000.00	\N
edad55c8-9118-4670-b7d8-6c28ac78e5cd	4c204515-b426-4f62-8347-6cb4fee66d42	65f3a54f-f6e6-4a68-8944-f8ae17679609	Mie Goreng	1	12000.00	12000.00	\N
77ada81d-1e46-4492-881c-12e9eb61f2aa	7c37553b-2c59-442f-a34c-41d7eb17cc29	37d09618-d64e-4f43-9cdd-831d73d37df0	Mie Nyemek	2	12000.00	24000.00	\N
b2c3be2e-5064-472d-806e-dec845f77f70	f3f33d68-2a67-42f1-b2eb-cbfaaa51a056	37d09618-d64e-4f43-9cdd-831d73d37df0	Mie Nyemek	2	12000.00	24000.00	\N
bb76d53a-3f3a-4326-880e-4882941b0dc9	9dfc4044-9c10-472a-ab6f-fca704cefb7a	65f3a54f-f6e6-4a68-8944-f8ae17679609	Mie Goreng	35	12000.00	420000.00	\N
b2a6a70e-2754-4d6e-b7e0-971891a98441	9dfc4044-9c10-472a-ab6f-fca704cefb7a	0defbad8-d841-4e95-a811-9355271951a0	Es Jeruk	31	4000.00	124000.00	\N
dc69e644-64b9-4e2b-b20c-a5acd1d658a4	9897ca04-cda4-47c4-83dd-3e00d05f5560	65f3a54f-f6e6-4a68-8944-f8ae17679609	Mie Goreng	9	12000.00	108000.00	\N
8fbb16ea-1e1f-4b74-a726-8e7a7a7c2d2d	9897ca04-cda4-47c4-83dd-3e00d05f5560	0defbad8-d841-4e95-a811-9355271951a0	Es Jeruk	42	4000.00	168000.00	\N
f2746aa8-916a-4088-9caf-b9cc1317d32f	d63bdfde-14ea-41ae-9509-44b640b86352	37d09618-d64e-4f43-9cdd-831d73d37df0	Mie Nyemek	2	12000.00	24000.00	\N
514d859b-8e6c-4780-9afe-a3c6362eaa40	d63bdfde-14ea-41ae-9509-44b640b86352	7b665859-3e5f-4c15-9577-088e8da75977	Mie Kuah	2	12000.00	24000.00	\N
00cef5be-f7ee-4561-beb0-6d35ed47ea4c	0b42b103-5093-452b-8454-68d9ad254c1c	37d09618-d64e-4f43-9cdd-831d73d37df0	Mie Nyemek	2	12000.00	24000.00	\N
3ae95d43-4ef9-4d55-8ac0-67ad78e80caa	0b42b103-5093-452b-8454-68d9ad254c1c	0defbad8-d841-4e95-a811-9355271951a0	Es Jeruk	1	4000.00	4000.00	\N
36f6337a-cf28-4cc9-8229-b96978704fa7	2f45dc8a-3702-4265-b892-63429ad661da	e5ee3b78-1bdb-4eb9-ac68-40c181ad80ad	Nasi Mawut	2	12000.00	24000.00	Pedas, Bungkus
82b05098-f569-48fa-b05c-6c7e75ca8f47	2637f1bf-1fed-475e-9e68-b5d60a5871fa	65f3a54f-f6e6-4a68-8944-f8ae17679609	Mie Goreng	4	12000.00	48000.00	Sedang
bee0a72d-5655-416c-957f-0530c388c786	52f11bee-5b26-42a9-98da-530de1014ab4	d952ef9d-c5a4-4c5b-af88-0264be713100	Nasi Goreng	4	12000.00	48000.00	Bungkus, 2 nasgor ga sayur ga pedas\n1 nasgor ga sayur pedas poll\n1 nasgor pedas
5586be8c-f945-4496-852c-1a8a60253413	52f11bee-5b26-42a9-98da-530de1014ab4	37d09618-d64e-4f43-9cdd-831d73d37df0	Mie Nyemek	1	12000.00	12000.00	Pedas
ddeb7cc6-5a49-48f6-8fcc-fa9385ef348d	5f9c3a94-3c5a-4aab-a9b9-f3b369ccd16e	d952ef9d-c5a4-4c5b-af88-0264be713100	Nasi Goreng	3	12000.00	36000.00	Bungkus, 2nasgor  tidak sayur tidak pedas\n1nasgor  tidak sayur pedas poll
b59209c5-153d-4275-8c91-5bfe0b9ece68	2d91bcee-dc27-480f-8536-963802a51fa6	d952ef9d-c5a4-4c5b-af88-0264be713100	Nasi Goreng	1	12000.00	12000.00	Bungkus, Pedas
f80d5879-34a0-4f73-9795-8c0b503e84bb	2d91bcee-dc27-480f-8536-963802a51fa6	37d09618-d64e-4f43-9cdd-831d73d37df0	Mie Nyemek	1	12000.00	12000.00	Bungkus, Pedas
c11cf735-8314-49c6-b537-26daed4405bd	51f3f4bc-7f74-42ca-a0ba-2fd7f3dadb3e	37d09618-d64e-4f43-9cdd-831d73d37df0	Mie Nyemek	1	12000.00	12000.00	pesanan \n- mi nyemek tidak sayur, tidak ayam, diganti telur beli 1 (sumer)
56cd41b6-222c-46a5-a415-8c1982f19e9d	51f3f4bc-7f74-42ca-a0ba-2fd7f3dadb3e	e5ee3b78-1bdb-4eb9-ac68-40c181ad80ad	Nasi Mawut	1	12000.00	12000.00	pesanan \n\n- nasi mawut 1 (tidak pedas)
6eace9ca-52ac-4fe7-94d7-f73e7757a50b	51f3f4bc-7f74-42ca-a0ba-2fd7f3dadb3e	3e867b42-3522-4bf5-b296-3d7b80517d3b	Telur	1	3000.00	3000.00	\N
bb517990-b023-43c2-8125-e87b7575d9bb	e8bcc7c6-7704-494d-9bae-c8a29037d54f	65f3a54f-f6e6-4a68-8944-f8ae17679609	Mie Goreng	2	12000.00	24000.00	Pedas Banget, Bungkus
be0beb3b-fd8e-4201-baad-e32723374cc8	e8bcc7c6-7704-494d-9bae-c8a29037d54f	7b665859-3e5f-4c15-9577-088e8da75977	Mie Kuah	2	12000.00	24000.00	Bungkus, Kuah Banyak
5ef6741f-b20c-405b-8e8e-88ce3f06ce64	e8bcc7c6-7704-494d-9bae-c8a29037d54f	d952ef9d-c5a4-4c5b-af88-0264be713100	Nasi Goreng	1	12000.00	12000.00	Sambal Extra, Pedas Banget
8f58ae39-2a89-4f95-8622-4b948017d7e3	d0e00582-f485-4003-a03c-6f168bfd132e	65f3a54f-f6e6-4a68-8944-f8ae17679609	Mie Goreng	1	12000.00	12000.00	\N
ef9f5605-9432-4885-be55-c0d750c0be25	edb5a220-dc58-4a14-a957-02445de4b5fe	e5ee3b78-1bdb-4eb9-ac68-40c181ad80ad	Nasi Mawut	2	12000.00	24000.00	Pedas Banget, No MSG
a1aee5bc-26b7-4b49-889a-365098790309	edb5a220-dc58-4a14-a957-02445de4b5fe	6641fb46-c43c-43e2-be2b-49e96f15963b	Nasi Mie Godog	1	12000.00	12000.00	\N
d0d6b3fa-4024-49bc-8ecc-adf1d0694971	80cea3ef-4426-4cec-b4aa-c8a4fac49aa1	6641fb46-c43c-43e2-be2b-49e96f15963b	Nasi Mie Godog	1	12000.00	12000.00	\N
2e386797-c7e1-4194-b731-bf11daf5f79c	7074e3e5-fecf-4563-8910-ec55b1b82e05	d952ef9d-c5a4-4c5b-af88-0264be713100	Nasi Goreng	1	12000.00	12000.00	Pedas
40845010-f9f0-4c2a-bc12-702c5427ebab	7074e3e5-fecf-4563-8910-ec55b1b82e05	37d09618-d64e-4f43-9cdd-831d73d37df0	Mie Nyemek	1	12000.00	12000.00	Pedas
54c7a48d-865d-44e9-808a-bcd29c80b9c3	909dc6e5-257d-4cf5-bb26-2e2127a3c966	e5ee3b78-1bdb-4eb9-ac68-40c181ad80ad	Nasi Mawut	2	12000.00	24000.00	\N
0d9805ac-d69e-4236-958d-021cadbc19f7	909dc6e5-257d-4cf5-bb26-2e2127a3c966	7097335c-d2eb-4cc8-8a47-a1ec0f6b6bd6	Es Teh	2	4000.00	8000.00	\N
35bb789f-02b9-4221-bc26-3144f6b4dbf1	909dc6e5-257d-4cf5-bb26-2e2127a3c966	ae35a958-9393-4359-a40c-0bc869b26331	Krupuk	1	1000.00	1000.00	\N
7d963298-60fe-4304-8d44-9eeffd413eb6	909dc6e5-257d-4cf5-bb26-2e2127a3c966	3e867b42-3522-4bf5-b296-3d7b80517d3b	Telur	2	3000.00	6000.00	\N
6a67d480-5426-423a-b682-d16eaa704d16	db32824c-b7b5-4928-ab37-800d85e0e305	e5ee3b78-1bdb-4eb9-ac68-40c181ad80ad	Nasi Mawut	2	12000.00	24000.00	Bungkus, Tidak Pedas
8252006a-9f7c-49c1-8937-02ead81f30ae	db32824c-b7b5-4928-ab37-800d85e0e305	6641fb46-c43c-43e2-be2b-49e96f15963b	Nasi Mie Godog	1	12000.00	12000.00	No MSG
5a3ada25-678c-4975-94d2-514319ef1fb4	9805ef51-494d-4f40-9575-ceec87901ed7	b4ecf77f-2700-4251-aaab-b2e5b6d43a43	Sop Sayur	2	12000.00	24000.00	\N
74ec57d0-3f89-41b2-8cfe-69e5450d23e8	9805ef51-494d-4f40-9575-ceec87901ed7	ac33d84e-d717-4aac-87aa-a42b2f13b765	Aqua	2	1000.00	2000.00	\N
400b8376-4418-45c3-bde7-cb2c15f478b3	9805ef51-494d-4f40-9575-ceec87901ed7	7097335c-d2eb-4cc8-8a47-a1ec0f6b6bd6	Es Teh	1	4000.00	4000.00	\N
413220a1-6d62-49a3-af81-4de0adeeedb4	2a004bf5-89f6-4ce0-a040-3f0db76ced9a	7b665859-3e5f-4c15-9577-088e8da75977	Mie Kuah	2	12000.00	24000.00	\N
a71a0e2f-423e-4f4c-944b-0bc2467867ec	2a004bf5-89f6-4ce0-a040-3f0db76ced9a	6641fb46-c43c-43e2-be2b-49e96f15963b	Nasi Mie Godog	1	12000.00	12000.00	\N
1b747021-7544-401e-a572-5aea9f487aa9	2a004bf5-89f6-4ce0-a040-3f0db76ced9a	ae35a958-9393-4359-a40c-0bc869b26331	Krupuk	2	1000.00	2000.00	\N
c1a24114-317c-409f-a9db-3daceb6ad3d9	e41a269d-0d02-4ec3-b15b-91ce6a70accd	65f3a54f-f6e6-4a68-8944-f8ae17679609	Mie Goreng	3	12000.00	36000.00	\N
c1a9407b-4792-4bae-900f-0eb6e8531a93	e41a269d-0d02-4ec3-b15b-91ce6a70accd	d952ef9d-c5a4-4c5b-af88-0264be713100	Nasi Goreng	1	12000.00	12000.00	\N
d9a04dd9-2555-47dc-a1af-d8d881e70cd1	e41a269d-0d02-4ec3-b15b-91ce6a70accd	ab451486-becf-49bf-bcba-7152c369caf0	Es Strup	2	4000.00	8000.00	\N
b9fa43a9-ba07-48a8-a9c5-062b1ad551a9	e41a269d-0d02-4ec3-b15b-91ce6a70accd	df44f68f-eecc-4bb7-bc64-a268606541bf	Teh Hangat	1	4000.00	4000.00	\N
98fa65e2-d410-4df8-9140-8dcb3f8a8a59	1855c7ed-42b6-4e19-9b2e-c23ddcf34819	0defbad8-d841-4e95-a811-9355271951a0	Es Jeruk	2	4000.00	8000.00	\N
957de4e0-8825-4e9e-aa90-54061501becf	d702345f-9fd3-489e-8e07-19bc2974f094	65f3a54f-f6e6-4a68-8944-f8ae17679609	Mie Goreng	1	12000.00	12000.00	\N
f4ccc13d-623b-4de6-ac00-a68bdc9e50c9	d702345f-9fd3-489e-8e07-19bc2974f094	3e867b42-3522-4bf5-b296-3d7b80517d3b	Telur	1	3000.00	3000.00	\N
372860d2-8597-4484-9458-dcb65b99b361	d702345f-9fd3-489e-8e07-19bc2974f094	ae35a958-9393-4359-a40c-0bc869b26331	Krupuk	1	1000.00	1000.00	\N
a4be9987-9c63-4e4c-a05a-4b7d7efb3e2a	ee182b84-badf-4be4-82f8-7fc614183eab	7b665859-3e5f-4c15-9577-088e8da75977	Mie Kuah	1	12000.00	12000.00	\N
22025423-3391-4b9d-b93b-44a897c593bb	ee182b84-badf-4be4-82f8-7fc614183eab	37d09618-d64e-4f43-9cdd-831d73d37df0	Mie Nyemek	1	12000.00	12000.00	\N
306d3649-f344-4f29-bd88-c3b2f4e3c404	ee182b84-badf-4be4-82f8-7fc614183eab	b4ecf77f-2700-4251-aaab-b2e5b6d43a43	Sop Sayur	3	12000.00	36000.00	Bungkus, Pedas
5ab28562-5eca-493b-81d1-5de8fc1b2f24	be8189c4-5038-4165-b782-8875c606695a	65f3a54f-f6e6-4a68-8944-f8ae17679609	Mie Goreng	1	12000.00	12000.00	\N
653c2c18-3153-41d1-9858-aa3236119b99	be8189c4-5038-4165-b782-8875c606695a	ae35a958-9393-4359-a40c-0bc869b26331	Krupuk	2	1000.00	2000.00	\N
026016b2-2cf9-46c7-b18e-42a7032986d2	20367783-7604-4a29-a6da-babe1c456ccd	e5ee3b78-1bdb-4eb9-ac68-40c181ad80ad	Nasi Mawut	2	12000.00	24000.00	Pedas
ea1189db-f767-484b-a60b-adb7aa895479	20367783-7604-4a29-a6da-babe1c456ccd	65f3a54f-f6e6-4a68-8944-f8ae17679609	Mie Goreng	1	12000.00	12000.00	Sedang
d9e48366-8900-4bf2-8987-e89535576633	48969fc0-8bcd-4466-8189-0b22282adf89	65f3a54f-f6e6-4a68-8944-f8ae17679609	Mie Goreng	2	12000.00	24000.00	Pedas, Bungkus
2c50454c-568e-44a2-82c9-fb4c0b2621b5	48969fc0-8bcd-4466-8189-0b22282adf89	7b665859-3e5f-4c15-9577-088e8da75977	Mie Kuah	1	12000.00	12000.00	Kuah Banyak, Sedang, Bungkus
ddaad7c6-e7ec-4e11-a128-d03718b23210	cd4e5d56-853b-4260-a054-609e11bc3519	37d09618-d64e-4f43-9cdd-831d73d37df0	Mie Nyemek	4	12000.00	48000.00	Sedang, Kecap Extra
5432e825-39e9-44c8-b44a-bbd6cacdf6de	cd4e5d56-853b-4260-a054-609e11bc3519	6641fb46-c43c-43e2-be2b-49e96f15963b	Nasi Mie Godog	1	12000.00	12000.00	Bungkus, Kuah Sedikit, Pedas
7a289b5d-ba14-40c9-a07d-fc03728fa593	47f03149-1c91-4284-98ad-9ef1c8a19e23	7b665859-3e5f-4c15-9577-088e8da75977	Mie Kuah	2	12000.00	24000.00	\N
810b4592-3101-428d-b69a-f1014d5504db	47f03149-1c91-4284-98ad-9ef1c8a19e23	65f3a54f-f6e6-4a68-8944-f8ae17679609	Mie Goreng	1	12000.00	12000.00	\N
b02b25fc-d369-4694-8fe4-04a489fdb436	47f03149-1c91-4284-98ad-9ef1c8a19e23	0defbad8-d841-4e95-a811-9355271951a0	Es Jeruk	2	4000.00	8000.00	\N
15df161f-e9c2-42c5-b6e8-a8582e0e70d6	47f03149-1c91-4284-98ad-9ef1c8a19e23	ab451486-becf-49bf-bcba-7152c369caf0	Es Strup	1	4000.00	4000.00	\N
f3b1f7bd-081f-4b94-9a4b-00dee94f2d05	47f03149-1c91-4284-98ad-9ef1c8a19e23	3e867b42-3522-4bf5-b296-3d7b80517d3b	Telur	1	3000.00	3000.00	\N
05158e94-3cc3-42c3-ad1c-8d906bfaab13	47f03149-1c91-4284-98ad-9ef1c8a19e23	ae35a958-9393-4359-a40c-0bc869b26331	Krupuk	2	1000.00	2000.00	\N
347fbff1-1a1a-4955-b47f-6a6e637f7129	231ac87f-eefd-4694-9b45-eefc32a7945b	7b665859-3e5f-4c15-9577-088e8da75977	Mie Kuah	1	12000.00	12000.00	\N
a649ec65-e5a0-4ec8-a0f0-585878a542ed	231ac87f-eefd-4694-9b45-eefc32a7945b	ae35a958-9393-4359-a40c-0bc869b26331	Krupuk	1	1000.00	1000.00	\N
2bd8e3ae-5665-44c1-a8da-f64429e0a5e8	6b8c93a1-c496-450e-a675-0bfd673babbc	65f3a54f-f6e6-4a68-8944-f8ae17679609	Mie Goreng	2	12000.00	24000.00	Bungkus, Sedang
452366b4-e7b1-408a-8717-9e2a15fb0511	6b8c93a1-c496-450e-a675-0bfd673babbc	e5ee3b78-1bdb-4eb9-ac68-40c181ad80ad	Nasi Mawut	2	12000.00	24000.00	Bungkus, Pedas Banget
e52dcade-9f28-4a4a-a831-e82f7fc7ba1f	6b8c93a1-c496-450e-a675-0bfd673babbc	df44f68f-eecc-4bb7-bc64-a268606541bf	Teh Hangat	1	4000.00	4000.00	Tanpa Gula
af67df0a-b14b-401c-919a-2ee48b9d5736	6b8c93a1-c496-450e-a675-0bfd673babbc	ab451486-becf-49bf-bcba-7152c369caf0	Es Strup	1	4000.00	4000.00	Extra Es
095b51d8-222b-41bd-842e-cc0f116406d6	6b8c93a1-c496-450e-a675-0bfd673babbc	3e867b42-3522-4bf5-b296-3d7b80517d3b	Telur	3	3000.00	9000.00	\N
210464c7-0adb-4668-97a0-5cd3ada2677a	0677624b-132a-4ccc-9d3b-7a76f90ecc48	7b665859-3e5f-4c15-9577-088e8da75977	Mie Kuah	1	12000.00	12000.00	\N
65b83548-b7d8-4bd3-bb31-751bd2458aad	0677624b-132a-4ccc-9d3b-7a76f90ecc48	0defbad8-d841-4e95-a811-9355271951a0	Es Jeruk	1	4000.00	4000.00	\N
8ef6a66e-7c37-4795-ae62-4f8e40aa6403	0677624b-132a-4ccc-9d3b-7a76f90ecc48	ae35a958-9393-4359-a40c-0bc869b26331	Krupuk	1	1000.00	1000.00	\N
47c1c1e7-179b-4fb7-9917-cfebd72f4629	7ec49681-070c-4498-86e0-d006be7ef7db	e5ee3b78-1bdb-4eb9-ac68-40c181ad80ad	Nasi Mawut	2	12000.00	24000.00	\N
72b8958a-005b-4e89-a27f-2b640450c360	7ec49681-070c-4498-86e0-d006be7ef7db	ac33d84e-d717-4aac-87aa-a42b2f13b765	Aqua	2	1000.00	2000.00	\N
1e585eae-1d1a-4046-a523-1fbb3cd81631	7ec49681-070c-4498-86e0-d006be7ef7db	ae35a958-9393-4359-a40c-0bc869b26331	Krupuk	1	1000.00	1000.00	\N
15613bb2-a732-4b93-8e88-d67fd4f2c3ad	a1e49071-3576-41a4-8a08-8be57a93e16a	65f3a54f-f6e6-4a68-8944-f8ae17679609	Mie Goreng	1	12000.00	12000.00	\N
f4fc485d-33ca-4288-b9f4-433a2701adbc	a1e49071-3576-41a4-8a08-8be57a93e16a	7b665859-3e5f-4c15-9577-088e8da75977	Mie Kuah	1	12000.00	12000.00	\N
bde3eb34-1377-4e21-a893-2b7393db567f	70d9a03f-91df-4f9a-a88f-d72a6be90a15	7b665859-3e5f-4c15-9577-088e8da75977	Mie Kuah	1	12000.00	12000.00	\N
61b7e2e4-6c28-43bf-a49d-46e68f25f02c	70d9a03f-91df-4f9a-a88f-d72a6be90a15	65f3a54f-f6e6-4a68-8944-f8ae17679609	Mie Goreng	1	12000.00	12000.00	\N
a1d00466-bfb3-437d-bd02-9d261c6b1425	70d9a03f-91df-4f9a-a88f-d72a6be90a15	d952ef9d-c5a4-4c5b-af88-0264be713100	Nasi Goreng	3	12000.00	36000.00	\N
0b186f1d-3bc4-493c-adff-af50afff870c	9c1fc0e1-6c2d-44e4-9192-fe607836f567	7b665859-3e5f-4c15-9577-088e8da75977	Mie Kuah	1	12000.00	12000.00	\N
09f8198b-13de-4401-a2b1-1da407ff072d	9c1fc0e1-6c2d-44e4-9192-fe607836f567	37d09618-d64e-4f43-9cdd-831d73d37df0	Mie Nyemek	1	12000.00	12000.00	\N
581d1bd2-62c3-44e1-bc50-060d6e488d79	7e770137-4289-4386-b1b7-2470bab71d67	65f3a54f-f6e6-4a68-8944-f8ae17679609	Mie Goreng	2	12000.00	24000.00	\N
9960dca3-8e33-4aad-8b26-777d97f3eef9	7e770137-4289-4386-b1b7-2470bab71d67	0defbad8-d841-4e95-a811-9355271951a0	Es Jeruk	2	4000.00	8000.00	\N
cd664f7b-0616-460d-84f5-71841f649381	7e770137-4289-4386-b1b7-2470bab71d67	ae35a958-9393-4359-a40c-0bc869b26331	Krupuk	2	1000.00	2000.00	\N
43732b4b-5e09-40d8-a491-2627fdce5eeb	5d6c7897-bb40-401b-9d90-ccfd7c845145	d952ef9d-c5a4-4c5b-af88-0264be713100	Nasi Goreng	5	12000.00	60000.00	\N
b31d77c7-3b64-4f98-a549-994ab73a6404	5d6c7897-bb40-401b-9d90-ccfd7c845145	3e867b42-3522-4bf5-b296-3d7b80517d3b	Telur	5	3000.00	15000.00	\N
5f30bb48-8c07-4e40-88d1-886fb2af2f9c	d96e18ab-9893-41c3-ad86-71bd8cee8e84	37d09618-d64e-4f43-9cdd-831d73d37df0	Mie Nyemek	1	12000.00	12000.00	\N
0f636bfa-c4d2-44e3-9459-b98c3dcd712e	d96e18ab-9893-41c3-ad86-71bd8cee8e84	d952ef9d-c5a4-4c5b-af88-0264be713100	Nasi Goreng	1	12000.00	12000.00	\N
76174809-2545-46ea-b79b-06b1549aced7	d96e18ab-9893-41c3-ad86-71bd8cee8e84	ae35a958-9393-4359-a40c-0bc869b26331	Krupuk	1	1000.00	1000.00	\N
8f5c8649-68fa-4e19-9195-0516e2e3608d	d96e18ab-9893-41c3-ad86-71bd8cee8e84	ac33d84e-d717-4aac-87aa-a42b2f13b765	Aqua	2	1000.00	2000.00	\N
d61eba8e-8aa3-4b2e-a2e2-81b8dae51eb2	ba2ca106-e136-4bcd-872f-6d739a04d147	e5ee3b78-1bdb-4eb9-ac68-40c181ad80ad	Nasi Mawut	2	12000.00	24000.00	\N
c2dfcce7-e96b-4594-bdae-d887bea4177b	ba2ca106-e136-4bcd-872f-6d739a04d147	37d09618-d64e-4f43-9cdd-831d73d37df0	Mie Nyemek	1	12000.00	12000.00	\N
21e2be2a-8044-4787-a25a-fbc74d237d02	aedd08a4-91d5-4334-a274-c8f74acaeec2	e5ee3b78-1bdb-4eb9-ac68-40c181ad80ad	Nasi Mawut	1	12000.00	12000.00	\N
233cde06-faf1-408d-a914-6979fa5fcdc0	aedd08a4-91d5-4334-a274-c8f74acaeec2	2201befb-d03b-432b-8faf-83f442b7d3b2	Jeruk Hangat	1	4000.00	4000.00	\N
84d7203d-505c-4251-8163-39b66fb521a1	2f472bcf-22a2-4a48-8926-1e3dee0329c4	7b665859-3e5f-4c15-9577-088e8da75977	Mie Kuah	2	12000.00	24000.00	Bungkus, Pedas
8411f741-5cc8-4576-8885-72ceadd0b919	2f472bcf-22a2-4a48-8926-1e3dee0329c4	37d09618-d64e-4f43-9cdd-831d73d37df0	Mie Nyemek	1	12000.00	12000.00	Tidak Pedas, Bungkus
15387224-dff4-4451-99dc-a50a3aaf4e2d	2f472bcf-22a2-4a48-8926-1e3dee0329c4	ab451486-becf-49bf-bcba-7152c369caf0	Es Strup	2	4000.00	8000.00	Sedikit Es
30b1e44a-2519-42f8-bb39-43d8158870d4	2f472bcf-22a2-4a48-8926-1e3dee0329c4	7097335c-d2eb-4cc8-8a47-a1ec0f6b6bd6	Es Teh	1	4000.00	4000.00	Extra Es
ce00e0d1-291d-4eca-9401-38ad39d89af8	851de471-c705-4871-9be6-46b20e182186	7b665859-3e5f-4c15-9577-088e8da75977	Mie Kuah	1	12000.00	12000.00	\N
c632388c-1dc8-4c26-b365-350b8aaebd4a	851de471-c705-4871-9be6-46b20e182186	7097335c-d2eb-4cc8-8a47-a1ec0f6b6bd6	Es Teh	1	4000.00	4000.00	\N
99d2be13-a606-4242-8e7d-1075102029b0	851de471-c705-4871-9be6-46b20e182186	ae35a958-9393-4359-a40c-0bc869b26331	Krupuk	1	1000.00	1000.00	\N
35cd5567-ac41-4d2f-94f7-858894e75be9	0ecf79b1-bc17-42ee-9acd-e3756dab2d34	65f3a54f-f6e6-4a68-8944-f8ae17679609	Mie Goreng	3	12000.00	36000.00	Bungkus, Tidak Pedas
16229755-64df-4168-9a89-a7855d8c63de	0ecf79b1-bc17-42ee-9acd-e3756dab2d34	7b665859-3e5f-4c15-9577-088e8da75977	Mie Kuah	1	12000.00	12000.00	Kuah Sedikit, Bungkus, Sedang
7918b802-e77e-443b-8684-c4ba5421bb14	0ecf79b1-bc17-42ee-9acd-e3756dab2d34	37d09618-d64e-4f43-9cdd-831d73d37df0	Mie Nyemek	1	12000.00	12000.00	Bungkus, Pedas Banget
7464a993-32a6-4a8e-83fc-18ed442b70d9	c35cdc14-26d6-4660-9902-7a311304c051	65f3a54f-f6e6-4a68-8944-f8ae17679609	Mie Goreng	1	12000.00	12000.00	\N
c5d30e5a-4ba0-4809-b1df-ab14c44ed581	c35cdc14-26d6-4660-9902-7a311304c051	7b665859-3e5f-4c15-9577-088e8da75977	Mie Kuah	4	12000.00	48000.00	\N
f61337ce-2955-4323-a05c-cc51cf4adddc	c35cdc14-26d6-4660-9902-7a311304c051	3e867b42-3522-4bf5-b296-3d7b80517d3b	Telur	5	3000.00	15000.00	\N
d1c34261-41a5-4a22-9e0b-ac6cef0b5a01	473f70f6-8167-46b2-a75c-dc583f4e2045	65f3a54f-f6e6-4a68-8944-f8ae17679609	Mie Goreng	1	12000.00	12000.00	Bungkus, Sedang
4c7f47f7-6c86-4d75-a79a-8be5d2f480ca	473f70f6-8167-46b2-a75c-dc583f4e2045	7b665859-3e5f-4c15-9577-088e8da75977	Mie Kuah	4	12000.00	48000.00	Pedas, Kuah Sedikit, Bungkus
25d9e8dd-7848-4db1-8159-69b7a536daf7	98113240-efdf-49dd-9085-5f3310d6c0dc	65f3a54f-f6e6-4a68-8944-f8ae17679609	Mie Goreng	3	12000.00	36000.00	\N
3c339d53-53f3-4a22-aa8f-94d76f19ca88	98113240-efdf-49dd-9085-5f3310d6c0dc	0defbad8-d841-4e95-a811-9355271951a0	Es Jeruk	1	4000.00	4000.00	\N
156aa021-60cb-4953-aabc-6abdb0745979	98113240-efdf-49dd-9085-5f3310d6c0dc	ab451486-becf-49bf-bcba-7152c369caf0	Es Strup	1	4000.00	4000.00	\N
dd5aae43-f7f8-405e-bdff-2cd1685ebe40	98113240-efdf-49dd-9085-5f3310d6c0dc	7097335c-d2eb-4cc8-8a47-a1ec0f6b6bd6	Es Teh	1	4000.00	4000.00	\N
ee68c756-3f47-4e9c-ad83-5f7425d1310d	98113240-efdf-49dd-9085-5f3310d6c0dc	3e867b42-3522-4bf5-b296-3d7b80517d3b	Telur	2	3000.00	6000.00	\N
239f881b-6ba7-4bab-9c02-e7586d6c39ea	98113240-efdf-49dd-9085-5f3310d6c0dc	ae35a958-9393-4359-a40c-0bc869b26331	Krupuk	1	1000.00	1000.00	\N
22fca738-3d92-4b92-9515-8ea9ae94f200	d9173e3d-bae4-4308-8f73-f30045d6e73e	d952ef9d-c5a4-4c5b-af88-0264be713100	Nasi Goreng	10	12000.00	120000.00	\N
65fdc3b1-cf0c-447e-bf8f-9a2997bf70f5	17bf76ef-08a0-4703-b2cd-77379d214e25	e5ee3b78-1bdb-4eb9-ac68-40c181ad80ad	Nasi Mawut	2	12000.00	24000.00	\N
1df06ecb-9b29-4f56-926e-a658cb7100fa	17bf76ef-08a0-4703-b2cd-77379d214e25	ae35a958-9393-4359-a40c-0bc869b26331	Krupuk	2	1000.00	2000.00	\N
730148fb-2944-4b9f-afe5-9e7507536951	17bf76ef-08a0-4703-b2cd-77379d214e25	ab451486-becf-49bf-bcba-7152c369caf0	Es Strup	2	4000.00	8000.00	\N
cfed82a5-b7de-402b-88ab-c75b99b32c7f	8c71b719-350e-451b-9b2b-a2c3b22234fd	e5ee3b78-1bdb-4eb9-ac68-40c181ad80ad	Nasi Mawut	2	12000.00	24000.00	\N
0a834894-42df-413a-8eed-6d508d04d7fa	8c71b719-350e-451b-9b2b-a2c3b22234fd	d952ef9d-c5a4-4c5b-af88-0264be713100	Nasi Goreng	2	12000.00	24000.00	\N
134bd067-2926-4eda-ad3e-68da25fc671c	8c71b719-350e-451b-9b2b-a2c3b22234fd	37d09618-d64e-4f43-9cdd-831d73d37df0	Mie Nyemek	3	12000.00	36000.00	\N
43293f1f-0480-42ea-8014-edccf8423793	478e96ca-3eba-4c60-aa1c-f8fa26cc59ef	b4ecf77f-2700-4251-aaab-b2e5b6d43a43	Sop Sayur	2	12000.00	24000.00	Pedas, Bungkus, Kuah Banyak
80c9af2e-dd4b-4acd-acfb-d394d0a2f881	c9d80b9b-0f0f-4579-84d1-6c2cfee1a844	65f3a54f-f6e6-4a68-8944-f8ae17679609	Mie Goreng	2	12000.00	24000.00	\N
07958f03-8d65-4fc5-94b6-c8c324a98fe0	c9d80b9b-0f0f-4579-84d1-6c2cfee1a844	3e867b42-3522-4bf5-b296-3d7b80517d3b	Telur	1	3000.00	3000.00	\N
91399522-abf9-44c1-abe2-50e7edd8b0e1	c9d80b9b-0f0f-4579-84d1-6c2cfee1a844	ae35a958-9393-4359-a40c-0bc869b26331	Krupuk	2	1000.00	2000.00	\N
54901feb-be03-4642-8218-b84b834beb1a	ae26fcde-4af6-4ffc-9ce2-026a58a1367e	65f3a54f-f6e6-4a68-8944-f8ae17679609	Mie Goreng	2	12000.00	24000.00	Tidak Pedas, Bungkus
39448d0a-1856-4f67-b12c-fda018e1099c	ae26fcde-4af6-4ffc-9ce2-026a58a1367e	7b665859-3e5f-4c15-9577-088e8da75977	Mie Kuah	1	12000.00	12000.00	Pedas Banget, Bungkus
5e3fb528-8663-410b-acdc-9a3f904f53b5	31e1b4b6-6be1-4458-bff6-f74825b98a28	d952ef9d-c5a4-4c5b-af88-0264be713100	Nasi Goreng	4	12000.00	48000.00	\N
050da150-564f-4a58-9a18-9c8239a44d5a	31e1b4b6-6be1-4458-bff6-f74825b98a28	e5ee3b78-1bdb-4eb9-ac68-40c181ad80ad	Nasi Mawut	2	12000.00	24000.00	\N
1709834d-363c-4487-8e28-1388832302e1	31e1b4b6-6be1-4458-bff6-f74825b98a28	3e867b42-3522-4bf5-b296-3d7b80517d3b	Telur	6	3000.00	18000.00	\N
eb07b72c-6223-4724-af73-e91bc9f221ff	3e32eab0-9c5d-43f8-beb0-06988ed8c559	65f3a54f-f6e6-4a68-8944-f8ae17679609	Mie Goreng	10	12000.00	120000.00	\N
f153dd33-8ea2-4d5f-8447-c5b9789b5c59	ad603a1e-ee34-43e7-8805-50cffdc9c3dc	65f3a54f-f6e6-4a68-8944-f8ae17679609	Mie Goreng	3	12000.00	36000.00	Sedang, Bungkus
1ef9944f-001e-4844-8399-f8fe7c233e31	e7eb6f85-15d4-4cd7-b35d-7f1c68ed0acd	7b665859-3e5f-4c15-9577-088e8da75977	Mie Kuah	2	12000.00	24000.00	\N
623661e0-0154-440c-bc72-923367fab3b3	e7eb6f85-15d4-4cd7-b35d-7f1c68ed0acd	df44f68f-eecc-4bb7-bc64-a268606541bf	Teh Hangat	2	4000.00	8000.00	\N
c2d82d13-2608-478d-80cd-cc30fdf59a9b	e7eb6f85-15d4-4cd7-b35d-7f1c68ed0acd	ae35a958-9393-4359-a40c-0bc869b26331	Krupuk	2	1000.00	2000.00	\N
edf2392c-4d3f-4066-9f35-09c621f9b61f	d2c638ca-866d-4e78-9942-be046a659ef5	e5ee3b78-1bdb-4eb9-ac68-40c181ad80ad	Nasi Mawut	4	12000.00	48000.00	\N
2099aefd-e5d9-4e70-845f-6d1c43bce166	d2c638ca-866d-4e78-9942-be046a659ef5	ab451486-becf-49bf-bcba-7152c369caf0	Es Strup	2	4000.00	8000.00	\N
ae82e95b-426f-480f-8c5d-8183ab01baee	5712fcc5-0a39-4569-a4f8-4190ae671efb	d952ef9d-c5a4-4c5b-af88-0264be713100	Nasi Goreng	2	12000.00	24000.00	\N
4708c522-d71d-44fa-b4f6-e8cb09dbe077	5712fcc5-0a39-4569-a4f8-4190ae671efb	2201befb-d03b-432b-8faf-83f442b7d3b2	Jeruk Hangat	2	4000.00	8000.00	\N
83f66e40-6414-4b57-9b27-3777e53798db	5712fcc5-0a39-4569-a4f8-4190ae671efb	ae35a958-9393-4359-a40c-0bc869b26331	Krupuk	4	1000.00	4000.00	\N
33048f50-8a90-4e22-ad10-7957b5078693	d49f52ec-71b4-4857-a4c0-4188174c54a3	37d09618-d64e-4f43-9cdd-831d73d37df0	Mie Nyemek	1	12000.00	12000.00	\N
ad9f54e1-8be6-476c-9ce8-8d0a575c4aab	d49f52ec-71b4-4857-a4c0-4188174c54a3	d952ef9d-c5a4-4c5b-af88-0264be713100	Nasi Goreng	1	12000.00	12000.00	\N
0b9691e4-c185-429d-9d2e-ae5dc2d3c4ff	d49f52ec-71b4-4857-a4c0-4188174c54a3	6641fb46-c43c-43e2-be2b-49e96f15963b	Nasi Mie Godog	1	12000.00	12000.00	\N
0dbb0c41-9a63-44ae-b851-6f36e51f4b8c	d49f52ec-71b4-4857-a4c0-4188174c54a3	3e867b42-3522-4bf5-b296-3d7b80517d3b	Telur	3	3000.00	9000.00	\N
4a02abae-6fa4-4f85-bb27-5e5435de9642	1756d204-a729-4521-8cee-56acc476a8b8	d952ef9d-c5a4-4c5b-af88-0264be713100	Nasi Goreng	4	12000.00	48000.00	Pedas, Bungkus
d9f99384-3e07-4ef2-8266-e18a07bead2a	1756d204-a729-4521-8cee-56acc476a8b8	3e867b42-3522-4bf5-b296-3d7b80517d3b	Telur	2	3000.00	6000.00	\N
49c1acb9-1086-4dae-b185-08e251edcbf6	ad1c073c-adbf-4152-8742-892ef18c3dcc	65f3a54f-f6e6-4a68-8944-f8ae17679609	Mie Goreng	2	12000.00	24000.00	Tidak Pedas
30cfbf48-b879-46e0-811a-89a7afd95847	ad1c073c-adbf-4152-8742-892ef18c3dcc	7b665859-3e5f-4c15-9577-088e8da75977	Mie Kuah	2	12000.00	24000.00	Pedas
be211c99-36e6-4171-ba1b-a39282f9be7d	a657cb94-26bb-4de7-82c6-8b6c4534d96e	d952ef9d-c5a4-4c5b-af88-0264be713100	Nasi Goreng	1	12000.00	12000.00	Pedas, Bungkus
26896ba4-d8ca-4b77-b3bc-2b1467e03854	a657cb94-26bb-4de7-82c6-8b6c4534d96e	65f3a54f-f6e6-4a68-8944-f8ae17679609	Mie Goreng	1	12000.00	12000.00	Tidak Pedas, Bungkus
ac977d27-75df-47bc-b4d6-86f5e10a96fd	fd559889-a17e-4392-808b-fd000774101e	7b665859-3e5f-4c15-9577-088e8da75977	Mie Kuah	1	12000.00	12000.00	Sedang, Bungkus, Pisah, Kuah Banyak
89195937-69c9-45ba-b1c5-b5c123dd3378	fd559889-a17e-4392-808b-fd000774101e	d952ef9d-c5a4-4c5b-af88-0264be713100	Nasi Goreng	1	12000.00	12000.00	Tidak Pedas, Bungkus, No MSG
64d37bbe-6f66-42f0-b930-f039d1c5b833	33d352ae-8925-4b2e-ad08-9db410d76d15	e5ee3b78-1bdb-4eb9-ac68-40c181ad80ad	Nasi Mawut	1	12000.00	12000.00	Sedang, Bungkus
442fc5cb-6e22-4b3d-b09a-cfc4f5a9941a	33d352ae-8925-4b2e-ad08-9db410d76d15	d952ef9d-c5a4-4c5b-af88-0264be713100	Nasi Goreng	1	12000.00	12000.00	Pedas Banget, Bungkus
a7c74d2b-1ccd-49ba-accf-277f41c80e54	a0719642-658b-420c-b5b8-cd5ade88e0ff	37d09618-d64e-4f43-9cdd-831d73d37df0	Mie Nyemek	2	12000.00	24000.00	Pedas Banget, Bungkus
1b3e59dc-2433-4cbc-a766-aee9f057d12b	333d37ab-1c94-4121-8c49-be8002519ccf	e5ee3b78-1bdb-4eb9-ac68-40c181ad80ad	Nasi Mawut	1	12000.00	12000.00	\N
551e438b-d428-42df-98df-898bebe2bb57	5401ef2f-4b19-4288-bd5c-288a0161f8e1	e5ee3b78-1bdb-4eb9-ac68-40c181ad80ad	Nasi Mawut	2	12000.00	24000.00	Tidak Pedas, Bungkus
b4e2237a-2141-4f0f-9a40-d59d966c6583	5401ef2f-4b19-4288-bd5c-288a0161f8e1	d952ef9d-c5a4-4c5b-af88-0264be713100	Nasi Goreng	1	12000.00	12000.00	Pedas, Bungkus
ad576e6f-393f-41c8-8ac9-b69dd48be228	731cb788-5f55-4e0b-a770-5a5c6ffeffc1	e5ee3b78-1bdb-4eb9-ac68-40c181ad80ad	Nasi Mawut	1	12000.00	12000.00	Pedas
347d82dd-f37e-42ca-9e7b-3812b0a1265f	12a58b58-5160-424a-aafd-70b7f0dcf801	e5ee3b78-1bdb-4eb9-ac68-40c181ad80ad	Nasi Mawut	1	12000.00	12000.00	Tidak Pedas
d2c905df-3df0-4d2a-8d5f-75205f52bc47	12a58b58-5160-424a-aafd-70b7f0dcf801	d952ef9d-c5a4-4c5b-af88-0264be713100	Nasi Goreng	2	12000.00	24000.00	Tidak Pedas
01303836-599a-418b-a134-1f98841bcd9a	12a58b58-5160-424a-aafd-70b7f0dcf801	0defbad8-d841-4e95-a811-9355271951a0	Es Jeruk	4	4000.00	16000.00	\N
170db4c1-1f4c-4504-ae07-e4774b08e97a	e4be9fa9-9f3b-4763-90a3-0a92cae2b0c7	37d09618-d64e-4f43-9cdd-831d73d37df0	Mie Nyemek	1	12000.00	12000.00	Sedang
8606c4db-520b-4298-8b74-68ef043db82a	e4be9fa9-9f3b-4763-90a3-0a92cae2b0c7	e5ee3b78-1bdb-4eb9-ac68-40c181ad80ad	Nasi Mawut	1	12000.00	12000.00	Sedang
10249f0e-59f1-4489-81f3-f3e26d4a93a9	e4be9fa9-9f3b-4763-90a3-0a92cae2b0c7	ab451486-becf-49bf-bcba-7152c369caf0	Es Strup	2	4000.00	8000.00	\N
8ad68d75-4ba7-4c15-beb5-065d3d2df108	e4be9fa9-9f3b-4763-90a3-0a92cae2b0c7	ae35a958-9393-4359-a40c-0bc869b26331	Krupuk	2	1000.00	2000.00	\N
7cd01094-3f4c-4b87-a92e-6b039c4bef0f	e28b5fc1-fa15-40eb-8ed7-f6ec0310f080	e5ee3b78-1bdb-4eb9-ac68-40c181ad80ad	Nasi Mawut	2	12000.00	24000.00	Pedas
63093450-cf93-4fd3-8684-cc84fe11d38b	e28b5fc1-fa15-40eb-8ed7-f6ec0310f080	7097335c-d2eb-4cc8-8a47-a1ec0f6b6bd6	Es Teh	1	4000.00	4000.00	\N
53d3d66f-d813-42da-ab5b-75e21bfa8f7b	e28b5fc1-fa15-40eb-8ed7-f6ec0310f080	ab451486-becf-49bf-bcba-7152c369caf0	Es Strup	1	4000.00	4000.00	\N
9648f7a1-5db8-495b-8b6a-330293e668e4	e28b5fc1-fa15-40eb-8ed7-f6ec0310f080	3e867b42-3522-4bf5-b296-3d7b80517d3b	Telur	3	3000.00	9000.00	\N
e642d2c9-6166-417e-a03a-5325842e38a4	e28b5fc1-fa15-40eb-8ed7-f6ec0310f080	ac33d84e-d717-4aac-87aa-a42b2f13b765	Aqua	1	1000.00	1000.00	\N
461e1482-c03f-4def-9f98-774feb03c2bf	1eebbbe1-9590-4fa9-a35c-1cab090207fd	0defbad8-d841-4e95-a811-9355271951a0	Es Jeruk	3	4000.00	12000.00	Extra Es
d1496d4a-0bbc-415e-a5cd-3c84c285cef5	a311036e-1d9b-4be1-810e-8cd18273e781	7b665859-3e5f-4c15-9577-088e8da75977	Mie Kuah	1	12000.00	12000.00	Tidak Pedas
2c4d4cdd-b2cf-4612-aded-d9bfca024c8c	a311036e-1d9b-4be1-810e-8cd18273e781	d952ef9d-c5a4-4c5b-af88-0264be713100	Nasi Goreng	1	12000.00	12000.00	Pedas
fc5744cd-05fe-4793-9e84-b5113b836735	a311036e-1d9b-4be1-810e-8cd18273e781	37d09618-d64e-4f43-9cdd-831d73d37df0	Mie Nyemek	1	12000.00	12000.00	Pedas
ea92f78a-3218-4763-aa72-4514c2912ab5	a311036e-1d9b-4be1-810e-8cd18273e781	65f3a54f-f6e6-4a68-8944-f8ae17679609	Mie Goreng	1	12000.00	12000.00	Pedas
5febeb48-4470-458f-a1de-f74e0c24751f	a311036e-1d9b-4be1-810e-8cd18273e781	ac33d84e-d717-4aac-87aa-a42b2f13b765	Aqua	1	1000.00	1000.00	\N
a79277ef-f928-4e71-8243-9618c120cf9b	a311036e-1d9b-4be1-810e-8cd18273e781	7097335c-d2eb-4cc8-8a47-a1ec0f6b6bd6	Es Teh	1	4000.00	4000.00	\N
d09b1117-4c3e-4f5d-84f7-30230eb41e07	a311036e-1d9b-4be1-810e-8cd18273e781	ae35a958-9393-4359-a40c-0bc869b26331	Krupuk	4	1000.00	4000.00	\N
1ce69a8b-f03a-4e2e-b073-209c532bc220	9bbd131b-2c9b-45cc-b89e-2b8229ccc511	2201befb-d03b-432b-8faf-83f442b7d3b2	Jeruk Hangat	1	4000.00	4000.00	\N
789c2e61-f7e2-409c-aff8-eed8035b3dba	9bbd131b-2c9b-45cc-b89e-2b8229ccc511	ac33d84e-d717-4aac-87aa-a42b2f13b765	Aqua	1	1000.00	1000.00	\N
81004172-4be8-4e51-b7db-e0fb31928639	9bbd131b-2c9b-45cc-b89e-2b8229ccc511	d952ef9d-c5a4-4c5b-af88-0264be713100	Nasi Goreng	3	12000.00	36000.00	Tidak Pedas
b32493bf-2906-4330-8159-10a1194369c5	9bbd131b-2c9b-45cc-b89e-2b8229ccc511	ae35a958-9393-4359-a40c-0bc869b26331	Krupuk	3	1000.00	3000.00	\N
91cec2e5-0514-47ed-a255-ea9d181c83e1	01f12acb-eae6-4388-b513-f2dd3d8f22c0	d952ef9d-c5a4-4c5b-af88-0264be713100	Nasi Goreng	8	12000.00	96000.00	Sedang, Bungkus
4c6f55f7-b361-48a7-965d-be0b66df9d7e	e7f164ba-0200-4750-bd83-4b45bb9e66ef	65f3a54f-f6e6-4a68-8944-f8ae17679609	Mie Goreng	2	12000.00	24000.00	Bungkus, Sedang
38d8c172-d8b3-4425-a07c-dbfb7f74f83c	e7f164ba-0200-4750-bd83-4b45bb9e66ef	d952ef9d-c5a4-4c5b-af88-0264be713100	Nasi Goreng	5	12000.00	60000.00	Bungkus, Pedas
53de15df-ee32-4a33-af55-54a1437fdfde	e7f164ba-0200-4750-bd83-4b45bb9e66ef	3e867b42-3522-4bf5-b296-3d7b80517d3b	Telur	7	3000.00	21000.00	Bungkus
de8d857e-ea74-4c7d-b1f2-a361df01761e	1154d5e2-b03d-49db-9128-ad58c9288e49	d952ef9d-c5a4-4c5b-af88-0264be713100	Nasi Goreng	4	12000.00	48000.00	\N
115ba206-ede4-4bac-9d48-a68220e9b064	1154d5e2-b03d-49db-9128-ad58c9288e49	7097335c-d2eb-4cc8-8a47-a1ec0f6b6bd6	Es Teh	2	4000.00	8000.00	\N
f2ded0b4-ecc8-4816-be03-f864344e16e6	1154d5e2-b03d-49db-9128-ad58c9288e49	df44f68f-eecc-4bb7-bc64-a268606541bf	Teh Hangat	1	4000.00	4000.00	\N
38a084c7-d1f4-4342-a52a-af284ff80ee7	1154d5e2-b03d-49db-9128-ad58c9288e49	ab451486-becf-49bf-bcba-7152c369caf0	Es Strup	1	4000.00	4000.00	\N
3ce31be3-91e2-4fb4-8639-434b2a0f984b	1154d5e2-b03d-49db-9128-ad58c9288e49	ae35a958-9393-4359-a40c-0bc869b26331	Krupuk	3	1000.00	3000.00	\N
19f0f79f-85df-42dd-a644-f22126f75e8b	234353dd-e9b1-4a70-8b1c-50e3c967f5c3	65f3a54f-f6e6-4a68-8944-f8ae17679609	Mie Goreng	1	12000.00	12000.00	\N
1de6ccf0-152d-488e-b782-dbe5fa840900	234353dd-e9b1-4a70-8b1c-50e3c967f5c3	ac33d84e-d717-4aac-87aa-a42b2f13b765	Aqua	2	1000.00	2000.00	\N
8822b71c-04c9-414a-aee4-933df5444e56	04e5010c-d337-4f97-97f4-d4e21a2e26cd	b4ecf77f-2700-4251-aaab-b2e5b6d43a43	Sop Sayur	2	12000.00	24000.00	Bungkus, Kuah Sedikit
030aab23-6034-489c-82f7-e0e9b941d007	04e5010c-d337-4f97-97f4-d4e21a2e26cd	e5ee3b78-1bdb-4eb9-ac68-40c181ad80ad	Nasi Mawut	2	12000.00	24000.00	Bungkus, Sedang
3c5bfd9f-5754-409b-a724-9ec2a784a931	04e5010c-d337-4f97-97f4-d4e21a2e26cd	6641fb46-c43c-43e2-be2b-49e96f15963b	Nasi Mie Godog	2	12000.00	24000.00	Pedas
1b93e820-e045-4d76-90ce-ee866dcd8f55	635bffc3-54b3-4757-b078-7584018dddec	d952ef9d-c5a4-4c5b-af88-0264be713100	Nasi Goreng	15	12000.00	180000.00	\N
c559bd9c-25dd-44ce-be44-f0a45045c4ac	635bffc3-54b3-4757-b078-7584018dddec	ae35a958-9393-4359-a40c-0bc869b26331	Krupuk	15	1000.00	15000.00	\N
de1dcf4f-435a-4402-b2ef-1eead917abb5	635bffc3-54b3-4757-b078-7584018dddec	ab451486-becf-49bf-bcba-7152c369caf0	Es Strup	15	4000.00	60000.00	\N
2a435691-08fa-4b39-815d-b03c1b728e2b	1af0fdeb-d304-4f32-9d36-f1c01484ac17	7b665859-3e5f-4c15-9577-088e8da75977	Mie Kuah	2	12000.00	24000.00	Bungkus, Kuah Banyak, Pedas
5e06a2e6-d878-460b-8d8e-f0a675634c2e	8f2cd602-d6f7-460c-8862-ff3b2fab12e6	65f3a54f-f6e6-4a68-8944-f8ae17679609	Mie Goreng	1	12000.00	12000.00	Sedang, Bungkus
fea4a456-6139-43ab-8736-15cbf3a7057c	8f2cd602-d6f7-460c-8862-ff3b2fab12e6	7b665859-3e5f-4c15-9577-088e8da75977	Mie Kuah	1	12000.00	12000.00	\N
1c4a24d5-05fd-4bc4-be89-8260c4f19982	c1d06774-7b93-463b-8287-134bb4158a48	0defbad8-d841-4e95-a811-9355271951a0	Es Jeruk	1	4000.00	4000.00	\N
697b7b24-dbd0-42db-bb8e-6884e501df39	33839b5b-47ab-4640-9fc3-b4401b47310c	ac33d84e-d717-4aac-87aa-a42b2f13b765	Aqua	1	1000.00	1000.00	\N
e8b8fe7e-fe94-4e60-b651-405f0c152fc4	21099f51-9c55-4a31-8abd-4c0b3e0b92ae	37d09618-d64e-4f43-9cdd-831d73d37df0	Mie Nyemek	6	12000.00	72000.00	Pedas
d0270f89-6560-40b3-90db-aeffd7961085	21099f51-9c55-4a31-8abd-4c0b3e0b92ae	65f3a54f-f6e6-4a68-8944-f8ae17679609	Mie Goreng	4	12000.00	48000.00	Sedang
f8c8cfef-7831-4744-bdb2-da61ae82d774	21099f51-9c55-4a31-8abd-4c0b3e0b92ae	e5ee3b78-1bdb-4eb9-ac68-40c181ad80ad	Nasi Mawut	3	12000.00	36000.00	Pedas
8d5c3b7f-7d7b-4987-b47a-4f7d5d2bc578	21099f51-9c55-4a31-8abd-4c0b3e0b92ae	7b665859-3e5f-4c15-9577-088e8da75977	Mie Kuah	1	12000.00	12000.00	Pedas Banget
8eb52cdf-4589-4d8b-b33e-a87da72b2fd2	21099f51-9c55-4a31-8abd-4c0b3e0b92ae	d952ef9d-c5a4-4c5b-af88-0264be713100	Nasi Goreng	2	12000.00	24000.00	Sedang
a02b6451-36eb-4726-bd0f-060f63a10e20	21099f51-9c55-4a31-8abd-4c0b3e0b92ae	7097335c-d2eb-4cc8-8a47-a1ec0f6b6bd6	Es Teh	4	4000.00	16000.00	\N
1fe8f639-49e6-4704-8e15-5ebe11e4dc77	21099f51-9c55-4a31-8abd-4c0b3e0b92ae	ab451486-becf-49bf-bcba-7152c369caf0	Es Strup	5	4000.00	20000.00	\N
4d89ca20-8b52-4e27-8cef-151dd5ff7003	21099f51-9c55-4a31-8abd-4c0b3e0b92ae	0defbad8-d841-4e95-a811-9355271951a0	Es Jeruk	7	4000.00	28000.00	\N
0b82093c-5367-4a84-ae33-56f9ed03f11f	21099f51-9c55-4a31-8abd-4c0b3e0b92ae	ae35a958-9393-4359-a40c-0bc869b26331	Krupuk	17	1000.00	17000.00	\N
450b2662-7abb-4958-a372-448d10785889	358a6d7c-c4cc-419c-9c49-c3ff8470b3f6	37d09618-d64e-4f43-9cdd-831d73d37df0	Mie Nyemek	2	12000.00	24000.00	Tidak Pedas, Bungkus
f88e59b1-0016-4a49-95f3-8e6dbee9ce77	5316e8ca-34e4-4dbb-b26d-adfc8ae45c63	e5ee3b78-1bdb-4eb9-ac68-40c181ad80ad	Nasi Mawut	3	12000.00	36000.00	Pedas Banget, Bungkus
2fe3603f-20c5-4234-a508-10b5cdf23b4e	5316e8ca-34e4-4dbb-b26d-adfc8ae45c63	d952ef9d-c5a4-4c5b-af88-0264be713100	Nasi Goreng	1	12000.00	12000.00	Sedang, Bungkus
c3bfc3f4-fc60-420f-a9f2-43eb3bbd2b7d	3c6e2d8c-b1a0-43a6-a407-065135bd4809	e5ee3b78-1bdb-4eb9-ac68-40c181ad80ad	Nasi Mawut	3	12000.00	36000.00	Sedang, Bungkus
717ac9c2-a33c-4cbb-9901-b46f7322a810	dbd17653-e365-4b0b-a726-12a9eeb140d8	37d09618-d64e-4f43-9cdd-831d73d37df0	Mie Nyemek	1	12000.00	12000.00	Pedas Banget, Bungkus
ae6dacf9-79cb-4362-82bf-d9031f210ba7	dbd17653-e365-4b0b-a726-12a9eeb140d8	3e867b42-3522-4bf5-b296-3d7b80517d3b	Telur	2	3000.00	6000.00	\N
1f622967-90ca-4d6d-8ec9-210b610ed7e7	4d06e251-c3f1-411e-8223-aaef2474f2a8	ae35a958-9393-4359-a40c-0bc869b26331	Krupuk	3	1000.00	3000.00	\N
732d36a8-c73b-4969-8b2b-c07d1d6a7355	4d06e251-c3f1-411e-8223-aaef2474f2a8	3e867b42-3522-4bf5-b296-3d7b80517d3b	Telur	1	3000.00	3000.00	No MSG
6c9375aa-4c09-48f0-b59b-1faae0831aa5	4d06e251-c3f1-411e-8223-aaef2474f2a8	37d09618-d64e-4f43-9cdd-831d73d37df0	Mie Nyemek	2	12000.00	24000.00	No MSG, Pedas Banget
6e6f2ace-4a8a-44d7-b393-f09a6f4c6a70	f1a9e34b-de5b-4c27-a109-4a80c17e8ecb	e5ee3b78-1bdb-4eb9-ac68-40c181ad80ad	Nasi Mawut	3	12000.00	36000.00	Pedas, Bungkus
14c2e602-79fc-4d88-a4ee-e94de109058b	665b17b1-d568-4c12-8535-71df8e8f9721	37d09618-d64e-4f43-9cdd-831d73d37df0	Mie Nyemek	1	12000.00	12000.00	Tidak Pedas
f9209300-90b9-4c33-9521-56880eb6d4a7	665b17b1-d568-4c12-8535-71df8e8f9721	ab451486-becf-49bf-bcba-7152c369caf0	Es Strup	2	4000.00	8000.00	\N
fef6fa1e-0b78-4b53-a9b4-729a85f3dfd3	989e55e8-0531-4d05-a71c-e290d5838376	2201befb-d03b-432b-8faf-83f442b7d3b2	Jeruk Hangat	1	4000.00	4000.00	\N
73cbecd1-b576-4cb3-9a60-7e48bce52bd9	989e55e8-0531-4d05-a71c-e290d5838376	e5ee3b78-1bdb-4eb9-ac68-40c181ad80ad	Nasi Mawut	1	12000.00	12000.00	Pedas
7102eb6b-0619-4edf-b8ad-35d4acf83444	989e55e8-0531-4d05-a71c-e290d5838376	d952ef9d-c5a4-4c5b-af88-0264be713100	Nasi Goreng	2	12000.00	24000.00	Sedang, Bungkus
22a5293e-d65c-45c7-a19c-afa6234b2d96	ca9ebff2-7bb3-45aa-aa73-3d296d883cf1	37d09618-d64e-4f43-9cdd-831d73d37df0	Mie Nyemek	1	12000.00	12000.00	Sedang, Bungkus
949922b2-8ec8-478a-9694-7bb4d4a95abd	ca9ebff2-7bb3-45aa-aa73-3d296d883cf1	e5ee3b78-1bdb-4eb9-ac68-40c181ad80ad	Nasi Mawut	1	12000.00	12000.00	Sedang, Bungkus
44a76803-62b9-438a-9c93-55cbe06d76d9	b40160cf-bc2d-4e30-809b-278cbb564e3a	37d09618-d64e-4f43-9cdd-831d73d37df0	Mie Nyemek	2	12000.00	24000.00	Sedang, Bungkus, No MSG
6d5696d5-3c4a-4ea6-8325-b6459d9d065a	324c8f5a-c616-4940-9bba-2cd558928917	3e867b42-3522-4bf5-b296-3d7b80517d3b	Telur	1	3000.00	3000.00	\N
95a30411-53eb-405d-80b9-c765f9d774db	b40160cf-bc2d-4e30-809b-278cbb564e3a	d952ef9d-c5a4-4c5b-af88-0264be713100	Nasi Goreng	1	12000.00	12000.00	Tidak Pedas, No MSG, Bungkus
e9ab7069-f819-40d6-8606-4a2eeac40e96	b40160cf-bc2d-4e30-809b-278cbb564e3a	e5ee3b78-1bdb-4eb9-ac68-40c181ad80ad	Nasi Mawut	1	12000.00	12000.00	Sedang, Bungkus
0b6dcae0-ece1-4b72-ad19-47b0a2d6bf30	65a619c0-2842-4a5a-81f0-e1ff4dafdb76	65f3a54f-f6e6-4a68-8944-f8ae17679609	Mie Goreng	2	12000.00	24000.00	Pedas Banget, Bungkus
b44a743b-aa37-482d-afeb-8aa46410a6f2	65a619c0-2842-4a5a-81f0-e1ff4dafdb76	3e867b42-3522-4bf5-b296-3d7b80517d3b	Telur	2	3000.00	6000.00	No MSG, Bungkus
b10025aa-42d7-43f0-b987-6afd7b262b23	2d8cd83b-b704-4f14-b723-b151d4f7ed41	65f3a54f-f6e6-4a68-8944-f8ae17679609	Mie Goreng	1	12000.00	12000.00	Sedang, Bungkus
cae8ff0e-eb7b-45b1-a644-e4cc20cb75d5	2d8cd83b-b704-4f14-b723-b151d4f7ed41	37d09618-d64e-4f43-9cdd-831d73d37df0	Mie Nyemek	1	12000.00	12000.00	Sedang, Bungkus
c4467f54-8ab7-4a80-8ba9-cd20313f7be9	2d8cd83b-b704-4f14-b723-b151d4f7ed41	d952ef9d-c5a4-4c5b-af88-0264be713100	Nasi Goreng	2	12000.00	24000.00	Tidak Pedas, Bungkus
f9c50916-cade-48de-bad7-40537989627f	2d8cd83b-b704-4f14-b723-b151d4f7ed41	ae35a958-9393-4359-a40c-0bc869b26331	Krupuk	4	1000.00	4000.00	\N
1e2dcd46-14ec-498e-a6ce-e8aa88dc01e2	fc35a575-ba19-4f43-9695-7e0e37086fd4	65f3a54f-f6e6-4a68-8944-f8ae17679609	Mie Goreng	2	12000.00	24000.00	Bungkus, Pedas
a222d373-4a56-40c7-a529-f01f203d2ccc	fc35a575-ba19-4f43-9695-7e0e37086fd4	3e867b42-3522-4bf5-b296-3d7b80517d3b	Telur	2	3000.00	6000.00	\N
93f43a8d-b267-4ee8-8eed-71d7b6f6d3ee	fc35a575-ba19-4f43-9695-7e0e37086fd4	ae35a958-9393-4359-a40c-0bc869b26331	Krupuk	2	1000.00	2000.00	\N
fcd91890-43a0-43e3-8572-79bc94232cb7	9294420a-1f73-482a-bb4c-d35aef20526a	e5ee3b78-1bdb-4eb9-ac68-40c181ad80ad	Nasi Mawut	2	12000.00	24000.00	Sedang, Bungkus
c8000adc-9a2b-4de1-9487-19cdbd995ccd	ea4bbedb-0f67-4868-b0aa-118bf3ec7c68	37d09618-d64e-4f43-9cdd-831d73d37df0	Mie Nyemek	2	12000.00	24000.00	Sedang, Bungkus
b2f9ca6c-bbe0-44d4-a84a-35c2f582c873	ea4bbedb-0f67-4868-b0aa-118bf3ec7c68	d952ef9d-c5a4-4c5b-af88-0264be713100	Nasi Goreng	1	12000.00	12000.00	Pedas, Bungkus
ae2b815b-2ae3-4011-bd4e-a2983a9386ec	ea4bbedb-0f67-4868-b0aa-118bf3ec7c68	6641fb46-c43c-43e2-be2b-49e96f15963b	Nasi Mie Godog	1	12000.00	12000.00	Sedang, Kuah Banyak, Bungkus
2d1e15fe-e466-4ff3-9d2f-d4f58e055a6c	8f1f155d-5d1b-433a-993c-f531936caa4d	d952ef9d-c5a4-4c5b-af88-0264be713100	Nasi Goreng	1	12000.00	12000.00	Sedang, Bungkus
09ab8b58-536f-4f3d-9442-1181790fdd69	8f1f155d-5d1b-433a-993c-f531936caa4d	37d09618-d64e-4f43-9cdd-831d73d37df0	Mie Nyemek	3	12000.00	36000.00	Tidak Pedas, Bungkus
e1c3f291-6270-4aca-a739-ee780aa336c7	8f1f155d-5d1b-433a-993c-f531936caa4d	65f3a54f-f6e6-4a68-8944-f8ae17679609	Mie Goreng	2	12000.00	24000.00	Sedang, Bungkus
65ff5568-f90b-4e9a-a35e-fd7cacf90415	3c95d33c-91bb-43ef-a57c-54ad57a13661	37d09618-d64e-4f43-9cdd-831d73d37df0	Mie Nyemek	3	12000.00	36000.00	Tidak Pedas, Bungkus
ce5a2c81-462c-408a-885d-ddd76b5ff6e1	148cb1d3-0dcf-411e-a41f-5fade8e825b6	65f3a54f-f6e6-4a68-8944-f8ae17679609	Mie Goreng	1	12000.00	12000.00	Sedang
89445e5f-410e-4fea-9ef3-86c1806af554	148cb1d3-0dcf-411e-a41f-5fade8e825b6	3e867b42-3522-4bf5-b296-3d7b80517d3b	Telur	1	3000.00	3000.00	\N
b6d6abdd-4a3e-49f9-b416-4c46225bf583	a393947c-4b3e-4037-9999-f2ce88a8880e	d952ef9d-c5a4-4c5b-af88-0264be713100	Nasi Goreng	1	12000.00	12000.00	Tidak Pedas
68a65191-7925-4570-80ad-be77090fc3ff	a393947c-4b3e-4037-9999-f2ce88a8880e	3e867b42-3522-4bf5-b296-3d7b80517d3b	Telur	1	3000.00	3000.00	No MSG
2bf2a8ba-e564-4711-abb6-f95fd72cabf5	a393947c-4b3e-4037-9999-f2ce88a8880e	ae35a958-9393-4359-a40c-0bc869b26331	Krupuk	1	1000.00	1000.00	\N
14283b1b-c169-43c7-b2de-4cd4ed0035dd	a393947c-4b3e-4037-9999-f2ce88a8880e	0defbad8-d841-4e95-a811-9355271951a0	Es Jeruk	1	4000.00	4000.00	Sedikit Es
081a4890-c3f3-4ef9-8045-75d7ff4af0bf	f0e58147-9ac2-4f1e-9c71-3f75d654bff6	e5ee3b78-1bdb-4eb9-ac68-40c181ad80ad	Nasi Mawut	2	12000.00	24000.00	Sedang, Bungkus
fb02dff3-b4d5-45c5-9001-796a385c454c	f0e58147-9ac2-4f1e-9c71-3f75d654bff6	d952ef9d-c5a4-4c5b-af88-0264be713100	Nasi Goreng	1	12000.00	12000.00	Tidak Pedas, Bungkus
370c3ed6-613c-4905-81c0-be1fb0b1e064	f0e58147-9ac2-4f1e-9c71-3f75d654bff6	ae35a958-9393-4359-a40c-0bc869b26331	Krupuk	3	1000.00	3000.00	\N
f5dbf6e6-a5b2-4346-8a4d-304f0370c235	8ead8006-dfc5-4811-b0c9-0704c350bc29	37d09618-d64e-4f43-9cdd-831d73d37df0	Mie Nyemek	1	12000.00	12000.00	Tidak Pedas, Kuah Banyak, Bungkus
8d3a3149-d02b-4c28-a0fb-b3490ea45175	55f582fa-b426-4dfa-880c-a3bf76cae44e	d952ef9d-c5a4-4c5b-af88-0264be713100	Nasi Goreng	1	12000.00	12000.00	Pedas Banget, Bungkus
0b66eefb-d488-4296-a994-a2a752ec0a6e	3d59149f-a355-40d3-9882-416abb363e19	d952ef9d-c5a4-4c5b-af88-0264be713100	Nasi Goreng	1	12000.00	12000.00	Tidak Pedas
0f70147b-57c1-43f8-bceb-7a1331c0de0a	3d59149f-a355-40d3-9882-416abb363e19	37d09618-d64e-4f43-9cdd-831d73d37df0	Mie Nyemek	2	12000.00	24000.00	Sedang, Bungkus
a8a07495-c286-487f-9e80-ac8b3fe6a4ab	3d59149f-a355-40d3-9882-416abb363e19	ab451486-becf-49bf-bcba-7152c369caf0	Es Strup	1	4000.00	4000.00	\N
5a8a0758-fa80-4b79-862b-08d034cb8b03	3d59149f-a355-40d3-9882-416abb363e19	2201befb-d03b-432b-8faf-83f442b7d3b2	Jeruk Hangat	1	4000.00	4000.00	\N
5e8f30c9-3166-4928-80ec-4ce5950d84c3	3d59149f-a355-40d3-9882-416abb363e19	ae35a958-9393-4359-a40c-0bc869b26331	Krupuk	2	1000.00	2000.00	\N
85331924-1311-4748-b758-ce08dc407050	3e8a8b8d-764f-4247-a200-2f2c796ece2a	37d09618-d64e-4f43-9cdd-831d73d37df0	Mie Nyemek	1	12000.00	12000.00	Sedang, Bungkus
a27f6563-2932-4fb4-8a43-72086f8aff44	3e8a8b8d-764f-4247-a200-2f2c796ece2a	d952ef9d-c5a4-4c5b-af88-0264be713100	Nasi Goreng	1	12000.00	12000.00	Sedang, Bungkus
f05621ea-358c-427a-ae26-97e1b07dd4c5	3e8a8b8d-764f-4247-a200-2f2c796ece2a	ae35a958-9393-4359-a40c-0bc869b26331	Krupuk	3	1000.00	3000.00	\N
6a06fcfa-58cb-4c6d-82ae-324acd14220c	fdbb7677-6a0a-4cea-a101-9be1501e4c94	d952ef9d-c5a4-4c5b-af88-0264be713100	Nasi Goreng	1	12000.00	12000.00	Pedas Banget, Bungkus
62296b2b-df5a-453b-80d3-c9a99100fd4f	fdbb7677-6a0a-4cea-a101-9be1501e4c94	65f3a54f-f6e6-4a68-8944-f8ae17679609	Mie Goreng	2	12000.00	24000.00	Sedang, Bungkus
1910e0cb-a685-4b1b-aad7-b1d4c141f321	fdbb7677-6a0a-4cea-a101-9be1501e4c94	df44f68f-eecc-4bb7-bc64-a268606541bf	Teh Hangat	1	4000.00	4000.00	\N
28280e3a-476a-4c60-a27f-67c3e96f17f1	fdbb7677-6a0a-4cea-a101-9be1501e4c94	ae35a958-9393-4359-a40c-0bc869b26331	Krupuk	3	1000.00	3000.00	\N
44f9fa84-e22a-4472-a749-c9bb7929dc32	0e05e7e7-1fb4-4e24-b304-d99ebae255e9	65f3a54f-f6e6-4a68-8944-f8ae17679609	Mie Goreng	2	12000.00	24000.00	Sedang, Bungkus
b5fd934b-91a1-4989-bf8c-b2428f29103f	0e05e7e7-1fb4-4e24-b304-d99ebae255e9	7b665859-3e5f-4c15-9577-088e8da75977	Mie Kuah	1	12000.00	12000.00	Sedang, Bungkus
2c5f2926-1074-4c7f-baff-aed9f8c0126f	0e05e7e7-1fb4-4e24-b304-d99ebae255e9	e5ee3b78-1bdb-4eb9-ac68-40c181ad80ad	Nasi Mawut	2	12000.00	24000.00	Sedang, Bungkus
ed162d62-9cee-4054-9649-08362e270bee	a2eb803a-0d70-4a93-9467-6dc504149043	37d09618-d64e-4f43-9cdd-831d73d37df0	Mie Nyemek	2	12000.00	24000.00	Sedang
f71e849f-d5c9-4507-90de-25a985de885a	a2eb803a-0d70-4a93-9467-6dc504149043	2201befb-d03b-432b-8faf-83f442b7d3b2	Jeruk Hangat	1	4000.00	4000.00	\N
331df875-90d3-4096-9e65-eecac2f80e1a	a2eb803a-0d70-4a93-9467-6dc504149043	ae35a958-9393-4359-a40c-0bc869b26331	Krupuk	2	1000.00	2000.00	\N
b75088cc-69ff-4def-93f9-74854cd1ff34	d18043d3-19cc-4e28-9c0e-73e2f161c700	d952ef9d-c5a4-4c5b-af88-0264be713100	Nasi Goreng	1	12000.00	12000.00	Sedang, Bungkus
19a34bbe-e8a3-4440-a68c-c176b90c4146	d18043d3-19cc-4e28-9c0e-73e2f161c700	e5ee3b78-1bdb-4eb9-ac68-40c181ad80ad	Nasi Mawut	1	12000.00	12000.00	Sedang, Bungkus, Putihan semua
21eec923-cf71-4a6a-9d99-6fb97749419c	d18043d3-19cc-4e28-9c0e-73e2f161c700	3e867b42-3522-4bf5-b296-3d7b80517d3b	Telur	2	3000.00	6000.00	\N
f2d57fca-0ae3-4b60-8714-54dd4df95dff	63132158-fcc3-4177-965b-26ad87a80701	65f3a54f-f6e6-4a68-8944-f8ae17679609	Mie Goreng	1	12000.00	12000.00	\N
ae2945d4-b198-4017-80d8-7385b718cb54	63132158-fcc3-4177-965b-26ad87a80701	37d09618-d64e-4f43-9cdd-831d73d37df0	Mie Nyemek	1	12000.00	12000.00	\N
9fa8bd16-2993-44ed-8875-b588eea8c0df	63132158-fcc3-4177-965b-26ad87a80701	0defbad8-d841-4e95-a811-9355271951a0	Es Jeruk	1	4000.00	4000.00	\N
34acf695-6767-42f7-8a14-739d57d44c42	63132158-fcc3-4177-965b-26ad87a80701	2201befb-d03b-432b-8faf-83f442b7d3b2	Jeruk Hangat	1	4000.00	4000.00	\N
5ae8ca01-ef0c-4ee0-b140-e95d006c7a8b	a54e10d2-6724-4d7d-a2af-5d1a6a55001a	65f3a54f-f6e6-4a68-8944-f8ae17679609	Mie Goreng	2	12000.00	24000.00	Pedas
e3385b34-0d7e-411b-b0ab-29e860934ec1	a54e10d2-6724-4d7d-a2af-5d1a6a55001a	0defbad8-d841-4e95-a811-9355271951a0	Es Jeruk	2	4000.00	8000.00	\N
f6c952f6-5f35-4e71-a080-30a001536464	a54e10d2-6724-4d7d-a2af-5d1a6a55001a	ae35a958-9393-4359-a40c-0bc869b26331	Krupuk	2	1000.00	2000.00	\N
f607c2f9-d5fd-46b1-b2b4-0691a14c889b	a54e10d2-6724-4d7d-a2af-5d1a6a55001a	3e867b42-3522-4bf5-b296-3d7b80517d3b	Telur	2	3000.00	6000.00	\N
13d0a3d4-20b3-4235-80a6-700c62d3a792	716a76f9-f65d-43f9-acea-21839e5a3110	65f3a54f-f6e6-4a68-8944-f8ae17679609	Mie Goreng	1	12000.00	12000.00	Tidak Pedas, Bungkus
52621ed4-77c9-45be-a99a-aafa8db779cf	716a76f9-f65d-43f9-acea-21839e5a3110	37d09618-d64e-4f43-9cdd-831d73d37df0	Mie Nyemek	1	12000.00	12000.00	Pedas
eb4c7517-9e03-4fce-bdc1-c79e995baa99	716a76f9-f65d-43f9-acea-21839e5a3110	2201befb-d03b-432b-8faf-83f442b7d3b2	Jeruk Hangat	1	4000.00	4000.00	\N
09266171-af0c-4598-9832-a2b832ebb9ae	716a76f9-f65d-43f9-acea-21839e5a3110	0defbad8-d841-4e95-a811-9355271951a0	Es Jeruk	1	4000.00	4000.00	\N
a0429060-cef5-4703-8ff0-0283ef0c11ea	341edad0-d9eb-44a3-a10e-fee703204e68	b4ecf77f-2700-4251-aaab-b2e5b6d43a43	Sop Sayur	1	12000.00	12000.00	Sedang
1ad728b5-87c6-47b2-976d-cf9d98bcfd5a	341edad0-d9eb-44a3-a10e-fee703204e68	e5ee3b78-1bdb-4eb9-ac68-40c181ad80ad	Nasi Mawut	2	12000.00	24000.00	Pedas Banget
2f7bdf63-abb8-46fa-90d5-c727a88f92bf	341edad0-d9eb-44a3-a10e-fee703204e68	d952ef9d-c5a4-4c5b-af88-0264be713100	Nasi Goreng	1	12000.00	12000.00	Pedas Banget
854bb5ee-dd3b-4545-a7f8-d7041e92f663	341edad0-d9eb-44a3-a10e-fee703204e68	2201befb-d03b-432b-8faf-83f442b7d3b2	Jeruk Hangat	2	4000.00	8000.00	\N
6c602630-ac32-466c-8f2f-84c13ec75b23	341edad0-d9eb-44a3-a10e-fee703204e68	3e867b42-3522-4bf5-b296-3d7b80517d3b	Telur	3	3000.00	9000.00	\N
1116585c-c792-48df-8206-1aab9b5f1e72	341edad0-d9eb-44a3-a10e-fee703204e68	ae35a958-9393-4359-a40c-0bc869b26331	Krupuk	5	1000.00	5000.00	\N
4c4ea13f-1e54-46f6-bba3-06308e61b8a3	fc01a02e-f6d4-4e75-abd3-36f0b4c0cbb4	e5ee3b78-1bdb-4eb9-ac68-40c181ad80ad	Nasi Mawut	1	12000.00	12000.00	Sedang, Bungkus
32aeb9e1-1d48-47b4-932a-0c80f6f83298	d9fd2dc7-b193-4c50-a6e3-7ae0bcdbaace	d952ef9d-c5a4-4c5b-af88-0264be713100	Nasi Goreng	1	12000.00	12000.00	Tidak Pedas, Bungkus
04436872-727d-4fa1-bb2d-9c159812f9a0	1989c2b7-52dd-4521-9f5a-fb916f4abf78	37d09618-d64e-4f43-9cdd-831d73d37df0	Mie Nyemek	1	12000.00	12000.00	Pedas, Bungkus
0ad3b257-5e4d-4756-b0e6-fc6407fcc7f9	62eb30e5-9faa-4cb2-a8df-adca1e7fd7f8	37d09618-d64e-4f43-9cdd-831d73d37df0	Mie Nyemek	2	12000.00	24000.00	Pedas, Bungkus
80e85658-13ff-4994-a81c-a3a80698fe7b	35ec4164-340e-4c1a-b995-670ff6583f7e	e5ee3b78-1bdb-4eb9-ac68-40c181ad80ad	Nasi Mawut	1	12000.00	12000.00	Pedas, Bungkus
7711e196-0efa-47f6-9e77-3db6dced01fb	35ec4164-340e-4c1a-b995-670ff6583f7e	37d09618-d64e-4f43-9cdd-831d73d37df0	Mie Nyemek	1	12000.00	12000.00	Pedas, Bungkus
a4238d01-a451-48e1-9793-666df17cf3c8	5b99a928-feac-4454-9729-ef01d641760c	d952ef9d-c5a4-4c5b-af88-0264be713100	Nasi Goreng	1	12000.00	12000.00	Tidak Pedas
994255f4-781e-4295-b145-b5da7f50a637	5b99a928-feac-4454-9729-ef01d641760c	3e867b42-3522-4bf5-b296-3d7b80517d3b	Telur	1	3000.00	3000.00	\N
d4e8bb1a-4e58-414a-91d6-f9ee4578232d	9f64209f-d805-4e3d-98ca-d6caef12d9d8	37d09618-d64e-4f43-9cdd-831d73d37df0	Mie Nyemek	2	12000.00	24000.00	Sedang, Bungkus
7641a8d0-8c51-450f-b8a3-ce932b58d637	9f64209f-d805-4e3d-98ca-d6caef12d9d8	e5ee3b78-1bdb-4eb9-ac68-40c181ad80ad	Nasi Mawut	2	12000.00	24000.00	Pedas, Bungkus
4d70a8a4-53e4-4d30-aea4-499791f9e74e	9f64209f-d805-4e3d-98ca-d6caef12d9d8	d952ef9d-c5a4-4c5b-af88-0264be713100	Nasi Goreng	1	12000.00	12000.00	Tidak Pedas, Bungkus
b24606f8-5ea4-4274-abd8-9284aaf5a70b	cd1e1523-00f6-4e0c-b082-27fabfbfafd5	6641fb46-c43c-43e2-be2b-49e96f15963b	Nasi Mie Godog	2	12000.00	24000.00	Tidak Pedas, Bungkus
0b299db7-a20c-4914-907c-792cfb1edc90	42dfac12-4b34-4736-a030-40915d448c26	e5ee3b78-1bdb-4eb9-ac68-40c181ad80ad	Nasi Mawut	1	12000.00	12000.00	Pedas, Bungkus
078db07f-9df5-4cbe-802b-9e4c973e9797	89fb6540-ef5e-46d4-8d75-527b32afbf96	d952ef9d-c5a4-4c5b-af88-0264be713100	Nasi Goreng	4	12000.00	48000.00	Pedas, Bungkus
02537472-0799-4937-b085-bfdeb6e8e169	89fb6540-ef5e-46d4-8d75-527b32afbf96	b4ecf77f-2700-4251-aaab-b2e5b6d43a43	Sop Sayur	1	12000.00	12000.00	Sedang, Bungkus
5901a6c1-3589-4c03-837c-6faa7d0696c8	89fb6540-ef5e-46d4-8d75-527b32afbf96	ae35a958-9393-4359-a40c-0bc869b26331	Krupuk	3	1000.00	3000.00	\N
00fbdb4e-9525-4275-ac90-c4dabdfeb9c3	6d27e6cf-ee29-4f27-bf74-de620d960078	d952ef9d-c5a4-4c5b-af88-0264be713100	Nasi Goreng	2	12000.00	24000.00	Sedang, Bungkus
230ee451-271d-42be-8db4-5ba1c860d966	6d27e6cf-ee29-4f27-bf74-de620d960078	65f3a54f-f6e6-4a68-8944-f8ae17679609	Mie Goreng	3	12000.00	36000.00	Pedas, Bungkus
422093f0-f155-4bf4-9730-33672e658448	6d27e6cf-ee29-4f27-bf74-de620d960078	ae35a958-9393-4359-a40c-0bc869b26331	Krupuk	5	1000.00	5000.00	\N
778bf73c-ba61-4c9b-859a-782e92a363f9	324c8f5a-c616-4940-9bba-2cd558928917	e5ee3b78-1bdb-4eb9-ac68-40c181ad80ad	Nasi Mawut	1	12000.00	12000.00	Pedas Banget, Bungkus
f4b654d0-178d-4cd4-a3b0-0f4d973c3068	324c8f5a-c616-4940-9bba-2cd558928917	ae35a958-9393-4359-a40c-0bc869b26331	Krupuk	1	1000.00	1000.00	\N
ee20618a-34af-4e25-b265-30bd3f5f0745	fefcfd59-3262-48c2-85d1-d7c7371a22ac	d952ef9d-c5a4-4c5b-af88-0264be713100	Nasi Goreng	7	12000.00	84000.00	Pedas
2c7ba914-4cd2-477f-9d61-a7e899278ca7	fefcfd59-3262-48c2-85d1-d7c7371a22ac	65f3a54f-f6e6-4a68-8944-f8ae17679609	Mie Goreng	2	12000.00	24000.00	Sedang
c494b216-a5e5-4264-a1c4-06eda77f2501	fefcfd59-3262-48c2-85d1-d7c7371a22ac	b4ecf77f-2700-4251-aaab-b2e5b6d43a43	Sop Sayur	1	12000.00	12000.00	Sedang
1cfdbebf-e8a5-4c67-b4e8-7a0ac4914958	582fed0c-23a8-46dc-aa52-71edfcdc0a9b	d952ef9d-c5a4-4c5b-af88-0264be713100	Nasi Goreng	1	12000.00	12000.00	Sedang, Bungkus
2ce5679d-692d-44d1-af49-7ca7cbf611be	582fed0c-23a8-46dc-aa52-71edfcdc0a9b	37d09618-d64e-4f43-9cdd-831d73d37df0	Mie Nyemek	5	12000.00	60000.00	Sedang, Bungkus
8feaaf02-69bd-4ead-ac56-9a29c543296b	ef041108-2649-47ae-b1a0-718805423c73	d952ef9d-c5a4-4c5b-af88-0264be713100	Nasi Goreng	1	12000.00	12000.00	Sedang, Bungkus
abfca21c-d33f-4335-896f-81d821a4f74e	ef041108-2649-47ae-b1a0-718805423c73	65f3a54f-f6e6-4a68-8944-f8ae17679609	Mie Goreng	1	12000.00	12000.00	Pedas, Bungkus
76b4672a-7a59-4b55-be38-09aaf85b3fa1	41cb90a1-2ec7-49a0-9d14-79271d8d90aa	e5ee3b78-1bdb-4eb9-ac68-40c181ad80ad	Nasi Mawut	2	12000.00	24000.00	Pedas, Bungkus
951c0915-2feb-4983-a18a-93d1489f5262	2443a559-8d8d-441e-a6dd-8cc21781c1f3	d952ef9d-c5a4-4c5b-af88-0264be713100	Nasi Goreng	2	12000.00	24000.00	Pedas Banget, Bungkus
cd871b94-0a16-4eed-b61f-e3d55834143b	2443a559-8d8d-441e-a6dd-8cc21781c1f3	3e867b42-3522-4bf5-b296-3d7b80517d3b	Telur	2	3000.00	6000.00	\N
f983dfea-42a2-4139-bd1a-c61f9657a109	2443a559-8d8d-441e-a6dd-8cc21781c1f3	ae35a958-9393-4359-a40c-0bc869b26331	Krupuk	2	1000.00	2000.00	\N
d4ea9aba-f20b-4adf-9292-6dd5e39accd3	9fbc72a0-8715-4c35-af6e-a5887df040f4	65f3a54f-f6e6-4a68-8944-f8ae17679609	Mie Goreng	1	12000.00	12000.00	Bungkus, Sedang
b8ba68cf-972b-4352-91cd-aeea003d652e	9fbc72a0-8715-4c35-af6e-a5887df040f4	3e867b42-3522-4bf5-b296-3d7b80517d3b	Telur	1	3000.00	3000.00	\N
0fbc0bdd-e975-4092-87f7-01890b072bb3	2620a6d1-e0b8-40a8-b080-35fad1a8659b	d952ef9d-c5a4-4c5b-af88-0264be713100	Nasi Goreng	1	12000.00	12000.00	\N
4be175f5-4268-45fa-a6b3-5a6d046acb4c	2620a6d1-e0b8-40a8-b080-35fad1a8659b	0defbad8-d841-4e95-a811-9355271951a0	Es Jeruk	1	4000.00	4000.00	\N
05bd1fee-ac0f-45b0-ae18-1c12ba4623fa	2620a6d1-e0b8-40a8-b080-35fad1a8659b	ae35a958-9393-4359-a40c-0bc869b26331	Krupuk	1	1000.00	1000.00	\N
a97a1979-22af-4b98-ab6b-7f5ad6cee53a	024680a0-171c-4f0a-a1a2-84c5721f55b9	d952ef9d-c5a4-4c5b-af88-0264be713100	Nasi Goreng	1	12000.00	12000.00	Pedas, Bungkus
26aa96c2-a474-4464-b901-317c53230851	024680a0-171c-4f0a-a1a2-84c5721f55b9	37d09618-d64e-4f43-9cdd-831d73d37df0	Mie Nyemek	1	12000.00	12000.00	Tidak Pedas, Bungkus
e36cbe67-84b6-4143-951b-c7da6b7a4fb3	13013fb9-569c-459f-aef9-3c39096e6b17	e5ee3b78-1bdb-4eb9-ac68-40c181ad80ad	Nasi Mawut	1	12000.00	12000.00	\N
dff6679c-57c0-4b5f-a362-ce054e31d21e	13013fb9-569c-459f-aef9-3c39096e6b17	d952ef9d-c5a4-4c5b-af88-0264be713100	Nasi Goreng	3	12000.00	36000.00	Sedang, Bungkus
a7cf36c6-7297-43db-988a-52bb0427a756	13013fb9-569c-459f-aef9-3c39096e6b17	37d09618-d64e-4f43-9cdd-831d73d37df0	Mie Nyemek	1	12000.00	12000.00	Sedang
b62d3646-b3d0-41cf-88fb-a395bedd0155	13013fb9-569c-459f-aef9-3c39096e6b17	0defbad8-d841-4e95-a811-9355271951a0	Es Jeruk	3	4000.00	12000.00	\N
a603447e-3fbc-4a60-8cdd-7c78d2a14eac	13013fb9-569c-459f-aef9-3c39096e6b17	ae35a958-9393-4359-a40c-0bc869b26331	Krupuk	4	1000.00	4000.00	\N
c8246a90-5496-436c-8578-3a4cf93f9fb7	abd2f426-1bea-4d4f-8bb7-0f20e74a532e	e5ee3b78-1bdb-4eb9-ac68-40c181ad80ad	Nasi Mawut	1	12000.00	12000.00	Sedang
982f2444-6f39-4f53-afcc-4bb0cc9a56c3	abd2f426-1bea-4d4f-8bb7-0f20e74a532e	65f3a54f-f6e6-4a68-8944-f8ae17679609	Mie Goreng	1	12000.00	12000.00	Pedas
4294ae94-5179-4a70-ae50-e278bb61ae1f	abd2f426-1bea-4d4f-8bb7-0f20e74a532e	7b665859-3e5f-4c15-9577-088e8da75977	Mie Kuah	1	12000.00	12000.00	Pedas Banget, Kuah Banyak
831034d6-5762-4831-ac9d-8906277d1a71	abd2f426-1bea-4d4f-8bb7-0f20e74a532e	0defbad8-d841-4e95-a811-9355271951a0	Es Jeruk	1	4000.00	4000.00	\N
f7acbcd9-59b2-487f-90d4-95ac4880faa2	abd2f426-1bea-4d4f-8bb7-0f20e74a532e	7097335c-d2eb-4cc8-8a47-a1ec0f6b6bd6	Es Teh	1	4000.00	4000.00	\N
9827286b-b984-4b75-bbc6-1ec37d3337e1	abd2f426-1bea-4d4f-8bb7-0f20e74a532e	ae35a958-9393-4359-a40c-0bc869b26331	Krupuk	3	1000.00	3000.00	\N
16d5d666-fba7-49aa-9f37-a0eb922e68d7	bd5afacc-f78b-4da9-9ae2-b05950064757	0defbad8-d841-4e95-a811-9355271951a0	Es Jeruk	1	4000.00	4000.00	\N
366043f1-12d8-47eb-935d-0d32c61a5e0f	bd5afacc-f78b-4da9-9ae2-b05950064757	7097335c-d2eb-4cc8-8a47-a1ec0f6b6bd6	Es Teh	1	4000.00	4000.00	\N
0ff0a514-5fe0-4762-9976-0f3cc5b3b21d	bd5afacc-f78b-4da9-9ae2-b05950064757	d952ef9d-c5a4-4c5b-af88-0264be713100	Nasi Goreng	2	12000.00	24000.00	Pedas Banget, Bungkus
e6c52a90-c75b-47e4-8382-d903302a18c4	bd5afacc-f78b-4da9-9ae2-b05950064757	e5ee3b78-1bdb-4eb9-ac68-40c181ad80ad	Nasi Mawut	3	12000.00	36000.00	\N
9bbd7447-f808-4bd6-9bed-fb004b0a80ca	bd5afacc-f78b-4da9-9ae2-b05950064757	ae35a958-9393-4359-a40c-0bc869b26331	Krupuk	1	1000.00	1000.00	\N
973df161-4109-438e-8615-dc0e5ec069a3	febe202a-f760-4ae1-84e7-866792cd257a	65f3a54f-f6e6-4a68-8944-f8ae17679609	Mie Goreng	1	12000.00	12000.00	Pedas, Bungkus
41e80f3b-29b6-4859-a57b-3041c3c874c1	f88e5b7b-eac6-4fca-aa5c-294a7dca0350	65f3a54f-f6e6-4a68-8944-f8ae17679609	Mie Goreng	2	12000.00	24000.00	Sedang, Bungkus
03a4dfd7-711a-4004-a805-06d077fad0e5	e0487746-38db-4d5a-8884-d84d401c505c	7b665859-3e5f-4c15-9577-088e8da75977	Mie Kuah	1	12000.00	12000.00	Pedas Banget, Bungkus
b38c96b2-cbcd-4d46-979a-7731f1efc486	e0487746-38db-4d5a-8884-d84d401c505c	ae35a958-9393-4359-a40c-0bc869b26331	Krupuk	3	1000.00	3000.00	\N
363aa38f-a3d1-4d94-b978-bfc57754366c	d7042f7e-56ab-4f27-9cc9-260ea1c07691	d952ef9d-c5a4-4c5b-af88-0264be713100	Nasi Goreng	1	12000.00	12000.00	Tidak Pedas, Bungkus
1309c6bf-72ab-4aa3-a87a-e97573ad9afa	d7042f7e-56ab-4f27-9cc9-260ea1c07691	e5ee3b78-1bdb-4eb9-ac68-40c181ad80ad	Nasi Mawut	1	12000.00	12000.00	Tidak Pedas, Bungkus
5fd0f567-d78c-4783-8d78-25986ab42aba	b1cb9359-407b-4863-a76e-dbfd017e0d8c	d952ef9d-c5a4-4c5b-af88-0264be713100	Nasi Goreng	1	12000.00	12000.00	Tidak Pedas, Bungkus
ba482ae0-4f81-4a60-adea-57e9e18a361f	ba896c61-997a-4b54-9bff-ead7e321f175	6641fb46-c43c-43e2-be2b-49e96f15963b	Nasi Mie Godog	1	12000.00	12000.00	Pedas Banget, Kuah Banyak
fdf3ee36-dac3-4dd0-a28c-85546408b2a3	ba896c61-997a-4b54-9bff-ead7e321f175	ab451486-becf-49bf-bcba-7152c369caf0	Es Strup	1	4000.00	4000.00	\N
c8ffe867-7b5d-4a9f-81e9-ed5a43d2c76c	ba896c61-997a-4b54-9bff-ead7e321f175	ae35a958-9393-4359-a40c-0bc869b26331	Krupuk	2	1000.00	2000.00	\N
2ee77e27-8e4b-4846-919d-0f9e9382030d	ba896c61-997a-4b54-9bff-ead7e321f175	3e867b42-3522-4bf5-b296-3d7b80517d3b	Telur	1	3000.00	3000.00	\N
a7cf361d-471a-49a8-8448-c90c495412f6	d4e5a56e-dbd8-4c6c-9ca2-ff582f366599	d952ef9d-c5a4-4c5b-af88-0264be713100	Nasi Goreng	2	12000.00	24000.00	Sedang, Bungkus
66aeb00f-63f9-496a-9642-0f53dc032276	d17a21e6-3641-4dc3-8d4b-c36bcffcae69	e5ee3b78-1bdb-4eb9-ac68-40c181ad80ad	Nasi Mawut	5	12000.00	60000.00	Sedang, Bungkus
087c8dc0-867b-4aaa-9406-b63722c6e6d2	d17a21e6-3641-4dc3-8d4b-c36bcffcae69	65f3a54f-f6e6-4a68-8944-f8ae17679609	Mie Goreng	1	12000.00	12000.00	Pedas, Bungkus
664ab184-0cd5-453d-94e2-c918e2dbbb5d	fcccafde-e3d8-44d4-bc5a-1dd8865b74aa	d952ef9d-c5a4-4c5b-af88-0264be713100	Nasi Goreng	2	12000.00	24000.00	Pedas, Bungkus
3cb22def-a1b0-4fe1-994d-bea654aa6e27	3134638d-898e-4c91-849f-0303082f46fd	e5ee3b78-1bdb-4eb9-ac68-40c181ad80ad	Nasi Mawut	1	12000.00	12000.00	Tidak Pedas
362df9ed-8540-4074-83eb-bb767ac5f9f9	3134638d-898e-4c91-849f-0303082f46fd	d952ef9d-c5a4-4c5b-af88-0264be713100	Nasi Goreng	1	12000.00	12000.00	Sedang
e95d43f3-2cfa-40b5-9ad6-b13e239a6f72	3134638d-898e-4c91-849f-0303082f46fd	ae35a958-9393-4359-a40c-0bc869b26331	Krupuk	2	1000.00	2000.00	\N
668ec0f7-3a83-44f3-8aff-ef61557527a5	3134638d-898e-4c91-849f-0303082f46fd	ac33d84e-d717-4aac-87aa-a42b2f13b765	Aqua	2	1000.00	2000.00	\N
2f726884-4723-4c29-8d4c-285dffaf6061	aca676c4-3697-49ed-8d63-ecbeaa0beb5c	65f3a54f-f6e6-4a68-8944-f8ae17679609	Mie Goreng	1	12000.00	12000.00	Pedas, Bungkus
ae0396e0-db79-467e-8580-4e5bba7f7cf7	aca676c4-3697-49ed-8d63-ecbeaa0beb5c	e5ee3b78-1bdb-4eb9-ac68-40c181ad80ad	Nasi Mawut	1	12000.00	12000.00	Pedas, Bungkus
4ae8f1c3-a406-4dae-b107-26a3f8d2c567	d9ce184b-931c-418e-b4fa-82a4805fe266	65f3a54f-f6e6-4a68-8944-f8ae17679609	Mie Goreng	1	12000.00	12000.00	Tidak Pedas, Bungkus
af72043b-2c22-4a7e-b596-9a4f2df1c6c6	d9ce184b-931c-418e-b4fa-82a4805fe266	d952ef9d-c5a4-4c5b-af88-0264be713100	Nasi Goreng	1	12000.00	12000.00	Pedas, Bungkus
608440bd-b2a7-4042-b3e6-06ad475d650b	7ce976a2-6f16-4e82-a2b6-d0cab45dfb6a	37d09618-d64e-4f43-9cdd-831d73d37df0	Mie Nyemek	1	12000.00	12000.00	Pedas
6699b8be-9dab-4cb3-8a74-00861e27a317	88a45bed-8839-4554-a34e-e8b2763bc74a	37d09618-d64e-4f43-9cdd-831d73d37df0	Mie Nyemek	1	12000.00	12000.00	\N
6e89aeb2-baf1-4960-a351-24f6a3f27765	88a45bed-8839-4554-a34e-e8b2763bc74a	e5ee3b78-1bdb-4eb9-ac68-40c181ad80ad	Nasi Mawut	1	12000.00	12000.00	\N
72919025-efa3-402a-92c1-9880a5c2c5e4	9b3a6093-e468-4695-a846-9a9ed0b16cf1	e5ee3b78-1bdb-4eb9-ac68-40c181ad80ad	Nasi Mawut	1	12000.00	12000.00	Sedang
e501f1e1-5ff0-491a-b3b9-70e59ec48dbd	9b3a6093-e468-4695-a846-9a9ed0b16cf1	ac33d84e-d717-4aac-87aa-a42b2f13b765	Aqua	1	1000.00	1000.00	\N
d8fc5d49-3f47-43b1-acad-572e0ff6b3b9	9b3a6093-e468-4695-a846-9a9ed0b16cf1	ae35a958-9393-4359-a40c-0bc869b26331	Krupuk	1	1000.00	1000.00	\N
63940fd9-4bb9-4fb8-9f9c-187260945aef	c71079e3-7f58-4157-af69-e856f4625d11	37d09618-d64e-4f43-9cdd-831d73d37df0	Mie Nyemek	1	12000.00	12000.00	\N
db04edef-adb7-4f4b-a3d2-633131c7b8fe	c71079e3-7f58-4157-af69-e856f4625d11	d952ef9d-c5a4-4c5b-af88-0264be713100	Nasi Goreng	2	12000.00	24000.00	\N
a925d196-c559-4031-95bf-e162826ef931	bb3a49cc-7e93-488e-ac95-aafd26d188e0	d952ef9d-c5a4-4c5b-af88-0264be713100	Nasi Goreng	3	12000.00	36000.00	Sedang, Bungkus
3b4dc109-a708-4220-85ef-222385de1077	bb3a49cc-7e93-488e-ac95-aafd26d188e0	65f3a54f-f6e6-4a68-8944-f8ae17679609	Mie Goreng	3	12000.00	36000.00	Tidak Pedas, Bungkus
09e19898-4d6f-4ccd-9574-1f6befef3fdb	46c838b5-d50d-4ff6-afdf-98b0e1e1ee07	e5ee3b78-1bdb-4eb9-ac68-40c181ad80ad	Nasi Mawut	1	12000.00	12000.00	\N
c646f27d-6b0e-45e9-88b2-e7716646e3e1	46c838b5-d50d-4ff6-afdf-98b0e1e1ee07	65f3a54f-f6e6-4a68-8944-f8ae17679609	Mie Goreng	1	12000.00	12000.00	\N
59e6176e-2236-4d81-9e2f-982fd4234487	bdb564d0-2d67-4581-8558-4ec25d91ceb2	37d09618-d64e-4f43-9cdd-831d73d37df0	Mie Nyemek	1	12000.00	12000.00	Pedas Banget
c84c9a9c-724e-49da-bd38-04070c16dd4d	bdb564d0-2d67-4581-8558-4ec25d91ceb2	6641fb46-c43c-43e2-be2b-49e96f15963b	Nasi Mie Godog	1	12000.00	12000.00	Tidak Pedas
d175557d-a1b4-44c7-8d2b-d117d3f7f0b2	bdb564d0-2d67-4581-8558-4ec25d91ceb2	ae35a958-9393-4359-a40c-0bc869b26331	Krupuk	2	1000.00	2000.00	\N
a1c3117c-8b17-4517-86ec-d56e69a7434c	bdb564d0-2d67-4581-8558-4ec25d91ceb2	ab451486-becf-49bf-bcba-7152c369caf0	Es Strup	1	4000.00	4000.00	\N
23d99602-4fb6-459c-a8d0-d9eaa59f7fa7	bdb564d0-2d67-4581-8558-4ec25d91ceb2	ac33d84e-d717-4aac-87aa-a42b2f13b765	Aqua	1	1000.00	1000.00	\N
96c602ad-76da-44c3-96b4-895efae07b61	bf460057-f8fc-4fe6-987b-daa9ca772039	e5ee3b78-1bdb-4eb9-ac68-40c181ad80ad	Nasi Mawut	1	12000.00	12000.00	Pedas, Bungkus
d9e414e2-7d40-469c-8fdc-8e2934ec1d05	02b0d874-1e20-4fbb-995f-b66eae5070ac	d952ef9d-c5a4-4c5b-af88-0264be713100	Nasi Goreng	1	12000.00	12000.00	\N
c51b9bfa-0f19-4c60-9c2f-00c70748f993	02b0d874-1e20-4fbb-995f-b66eae5070ac	37d09618-d64e-4f43-9cdd-831d73d37df0	Mie Nyemek	1	12000.00	12000.00	\N
291245fa-80fb-485d-a0a0-6489299792e8	02b0d874-1e20-4fbb-995f-b66eae5070ac	ab451486-becf-49bf-bcba-7152c369caf0	Es Strup	2	4000.00	8000.00	\N
1b7f2d7e-d388-4ac5-8b4f-179dd0609194	85c19797-598b-4a5d-a449-a9b6e7eedffa	df44f68f-eecc-4bb7-bc64-a268606541bf	Teh Hangat	1	4000.00	4000.00	\N
c304eddf-c3ac-4fb2-83f9-005355961ef8	85c19797-598b-4a5d-a449-a9b6e7eedffa	37d09618-d64e-4f43-9cdd-831d73d37df0	Mie Nyemek	1	12000.00	12000.00	Pedas
c3e3e4b6-830b-4689-9226-34e39e618a72	31aaa442-ff63-4937-8386-eb696cb6a4b6	e5ee3b78-1bdb-4eb9-ac68-40c181ad80ad	Nasi Mawut	2	12000.00	24000.00	Sedang, Bungkus
86d942d4-6f1d-411a-bc6d-8b7669458607	2ac1d0f9-835c-4e73-b150-0c9ffdc02287	d952ef9d-c5a4-4c5b-af88-0264be713100	Nasi Goreng	3	12000.00	36000.00	Pedas Banget, Bungkus
17a66943-cb4b-4911-a3e0-89baf1f9a058	2ac1d0f9-835c-4e73-b150-0c9ffdc02287	3e867b42-3522-4bf5-b296-3d7b80517d3b	Telur	3	3000.00	9000.00	\N
c2212a6c-57e2-4749-adfb-4557d15c900c	1157baa2-ff3b-45f7-924f-6b4d1947f228	d952ef9d-c5a4-4c5b-af88-0264be713100	Nasi Goreng	3	12000.00	36000.00	Pedas, Bungkus
f8cd545b-3106-4a16-b411-009ee3550070	1157baa2-ff3b-45f7-924f-6b4d1947f228	e5ee3b78-1bdb-4eb9-ac68-40c181ad80ad	Nasi Mawut	1	12000.00	12000.00	Sedang, Bungkus
21105722-23cf-4749-9955-45ee2cba9925	97db59a2-9ee9-4d17-a469-514d1700075a	65f3a54f-f6e6-4a68-8944-f8ae17679609	Mie Goreng	1	12000.00	12000.00	\N
5d0d4af9-afb5-4730-9c73-01555e961ac7	aaefeed7-dee2-4647-84d2-668b886ca9de	7b665859-3e5f-4c15-9577-088e8da75977	Mie Kuah	1	12000.00	12000.00	\N
a03f08c3-cd26-4a38-b5c4-48f7fca9c872	cda9f536-0c53-4de9-ad0f-9d736058c40a	65f3a54f-f6e6-4a68-8944-f8ae17679609	Mie Goreng	1	12000.00	12000.00	Pedas, Bungkus
236e7d82-f9fe-4749-ad43-ab46f1eb09a7	cda9f536-0c53-4de9-ad0f-9d736058c40a	e5ee3b78-1bdb-4eb9-ac68-40c181ad80ad	Nasi Mawut	1	12000.00	12000.00	Tidak Pedas, Bungkus
87305108-0275-4410-b97c-da8fec0e7aa1	3ba245c0-cc09-4a7b-9443-c64983e695c8	e5ee3b78-1bdb-4eb9-ac68-40c181ad80ad	Nasi Mawut	1	12000.00	12000.00	Pedas, Bungkus
e65f37ee-7762-4050-bc91-d0d89748f71b	801293d7-a4ce-4e08-a193-8779fdf52dc8	37d09618-d64e-4f43-9cdd-831d73d37df0	Mie Nyemek	2	12000.00	24000.00	Pedas, Bungkus
d26efe9b-e177-4306-bd95-e4ce266d30fd	801293d7-a4ce-4e08-a193-8779fdf52dc8	65f3a54f-f6e6-4a68-8944-f8ae17679609	Mie Goreng	1	12000.00	12000.00	Sedang, Bungkus
32449eb3-0a1f-49a0-98b0-8fc4af721fe2	3bc5f396-2d56-4efd-99ec-4da710f04d19	d952ef9d-c5a4-4c5b-af88-0264be713100	Nasi Goreng	2	12000.00	24000.00	Tidak Pedas, Bungkus
19e48d7c-9d82-41a1-af51-d73ff9c707e1	3bc5f396-2d56-4efd-99ec-4da710f04d19	ae35a958-9393-4359-a40c-0bc869b26331	Krupuk	2	1000.00	2000.00	\N
128ca423-5609-434d-9996-1ee4952de07c	3bc5f396-2d56-4efd-99ec-4da710f04d19	3e867b42-3522-4bf5-b296-3d7b80517d3b	Telur	2	3000.00	6000.00	\N
760d4bbc-8b3f-4de8-a61e-7bdf89e5875f	77283d5c-219c-46c3-a521-f96a5b558b00	37d09618-d64e-4f43-9cdd-831d73d37df0	Mie Nyemek	1	12000.00	12000.00	\N
7471ae5a-ff8c-48c5-93a7-c619f64cf53b	77283d5c-219c-46c3-a521-f96a5b558b00	d952ef9d-c5a4-4c5b-af88-0264be713100	Nasi Goreng	1	12000.00	12000.00	\N
d467b343-82e7-4c57-b86f-93cd6266b8ad	77283d5c-219c-46c3-a521-f96a5b558b00	e5ee3b78-1bdb-4eb9-ac68-40c181ad80ad	Nasi Mawut	1	12000.00	12000.00	\N
f7763cb3-5e8f-40ac-9ac0-f76ec50a2f33	77283d5c-219c-46c3-a521-f96a5b558b00	ac33d84e-d717-4aac-87aa-a42b2f13b765	Aqua	2	1000.00	2000.00	\N
0e69954a-a37c-470d-b613-fdf195325e7a	4e61ed86-1093-4727-8918-28c8e325dfc5	b4ecf77f-2700-4251-aaab-b2e5b6d43a43	Sop Sayur	1	12000.00	12000.00	Pedas, Bungkus
c66e4f35-5744-4d35-96bf-7a4391130ae0	4e61ed86-1093-4727-8918-28c8e325dfc5	3e867b42-3522-4bf5-b296-3d7b80517d3b	Telur	2	3000.00	6000.00	\N
c3ceeffb-ec33-497b-8cbc-5df13305ae4d	e016d549-9a8b-4a15-b6ea-fa543e0ba72b	d952ef9d-c5a4-4c5b-af88-0264be713100	Nasi Goreng	1	12000.00	12000.00	Tidak Pedas, Bungkus
f3372a7f-463c-4da0-8f9f-df7ed2c195d9	49118a85-3121-490b-a4a9-0eabe8d23b1a	d952ef9d-c5a4-4c5b-af88-0264be713100	Nasi Goreng	3	12000.00	36000.00	Sedang
626946a2-50d4-4913-ab20-9f1036658dde	49118a85-3121-490b-a4a9-0eabe8d23b1a	e5ee3b78-1bdb-4eb9-ac68-40c181ad80ad	Nasi Mawut	1	12000.00	12000.00	Pedas
fbd6634b-b231-4c15-a343-b104aa1dcbab	49118a85-3121-490b-a4a9-0eabe8d23b1a	ab451486-becf-49bf-bcba-7152c369caf0	Es Strup	3	4000.00	12000.00	\N
1180fd3e-c428-4e51-9492-8657f2fdda47	49118a85-3121-490b-a4a9-0eabe8d23b1a	2201befb-d03b-432b-8faf-83f442b7d3b2	Jeruk Hangat	1	4000.00	4000.00	\N
d3362110-e21b-4312-8502-b596c86de1b6	49118a85-3121-490b-a4a9-0eabe8d23b1a	ae35a958-9393-4359-a40c-0bc869b26331	Krupuk	4	1000.00	4000.00	\N
7c5f202f-c7ca-4e9e-ab46-3324e9e5efdf	124b2bca-6092-4fb1-bd56-39d2a765e7ec	d952ef9d-c5a4-4c5b-af88-0264be713100	Nasi Goreng	2	12000.00	24000.00	\N
1d870796-5597-4b60-b2d6-cf9531c4737a	124b2bca-6092-4fb1-bd56-39d2a765e7ec	ab451486-becf-49bf-bcba-7152c369caf0	Es Strup	1	4000.00	4000.00	\N
c56f572d-48d6-42e2-8938-7bded0339c8f	690036dd-eb04-47eb-88b7-2e115641641d	ab451486-becf-49bf-bcba-7152c369caf0	Es Strup	2	4000.00	8000.00	Extra Es
ca7b190f-bb73-4778-9dd7-95f2d13a282b	690036dd-eb04-47eb-88b7-2e115641641d	37d09618-d64e-4f43-9cdd-831d73d37df0	Mie Nyemek	1	12000.00	12000.00	Pedas, Bungkus
3b8654e7-b1b7-40e4-83b8-7447636c795e	690036dd-eb04-47eb-88b7-2e115641641d	d952ef9d-c5a4-4c5b-af88-0264be713100	Nasi Goreng	1	12000.00	12000.00	Pedas, Bungkus
fba4a564-5714-49c8-a724-7bbc3c83c772	b1864e60-90fa-4860-83bd-d9c233350547	37d09618-d64e-4f43-9cdd-831d73d37df0	Mie Nyemek	1	12000.00	12000.00	Pedas, Bungkus
3b4de6ef-7614-4c14-88ea-88e94a6ec76d	b1864e60-90fa-4860-83bd-d9c233350547	d952ef9d-c5a4-4c5b-af88-0264be713100	Nasi Goreng	1	12000.00	12000.00	Sedang, Bungkus
18bd603e-ddc1-4443-8ce2-bf0a5cc863fd	b1864e60-90fa-4860-83bd-d9c233350547	e5ee3b78-1bdb-4eb9-ac68-40c181ad80ad	Nasi Mawut	1	12000.00	12000.00	Pedas, Bungkus
7841f62e-9ae8-443a-809c-7b175d116a01	b96810d5-4241-4e03-a1cc-b4c319f4ad2a	e5ee3b78-1bdb-4eb9-ac68-40c181ad80ad	Nasi Mawut	5	12000.00	60000.00	Pedas, Bungkus
eccfdb9b-b34e-428d-a95a-8ac93fc04cfc	b96810d5-4241-4e03-a1cc-b4c319f4ad2a	ae35a958-9393-4359-a40c-0bc869b26331	Krupuk	5	1000.00	5000.00	\N
99cd5761-7541-429f-b25b-9fc3080e8c32	9134f3a7-50ca-437f-b47e-5afe73803bef	3e867b42-3522-4bf5-b296-3d7b80517d3b	Telur	2	3000.00	6000.00	\N
0c8a89ab-7407-44d4-8c94-a65b97aa20a0	9134f3a7-50ca-437f-b47e-5afe73803bef	d952ef9d-c5a4-4c5b-af88-0264be713100	Nasi Goreng	2	12000.00	24000.00	Sedang, Bungkus
5ca4831d-9ae7-48e2-b0f5-a38961592f96	b31bf75c-8aee-4cdd-8932-1c8900c8b1b2	65f3a54f-f6e6-4a68-8944-f8ae17679609	Mie Goreng	2	12000.00	24000.00	Tidak Pedas, Bungkus
0bf614ba-5b5d-4f06-81a2-6d0950e18f3f	b31bf75c-8aee-4cdd-8932-1c8900c8b1b2	d952ef9d-c5a4-4c5b-af88-0264be713100	Nasi Goreng	1	12000.00	12000.00	Sedang, Bungkus
dcb0295d-e82b-4c56-8a49-72df26606d81	33812570-5c4a-4d92-b6de-7b47a0b1e790	6641fb46-c43c-43e2-be2b-49e96f15963b	Nasi Mie Godog	1	12000.00	12000.00	\N
2a7089e4-6e15-4d0d-8ef3-54368dcc13ad	33812570-5c4a-4d92-b6de-7b47a0b1e790	2201befb-d03b-432b-8faf-83f442b7d3b2	Jeruk Hangat	1	4000.00	4000.00	\N
b76ddd19-b09d-4005-a1df-fab40a0ecc40	33812570-5c4a-4d92-b6de-7b47a0b1e790	ae35a958-9393-4359-a40c-0bc869b26331	Krupuk	2	1000.00	2000.00	\N
62c49134-f0bf-4c46-ba98-b13e639feeeb	7244ab12-81c8-481a-ae22-82861a29afd7	37d09618-d64e-4f43-9cdd-831d73d37df0	Mie Nyemek	1	12000.00	12000.00	Tidak Pedas, Bungkus
6ae73fae-9dd1-4403-8464-8362cdb45bbb	bcd5352d-365e-4c0b-8886-5eddb6598f29	d952ef9d-c5a4-4c5b-af88-0264be713100	Nasi Goreng	1	12000.00	12000.00	Pedas Banget, Bungkus
89dcae85-791a-4ee3-9d9e-ddef3d6c8ece	bcd5352d-365e-4c0b-8886-5eddb6598f29	ab451486-becf-49bf-bcba-7152c369caf0	Es Strup	1	4000.00	4000.00	\N
f2dccc9a-b589-4390-a495-52564199591f	c59b0873-3c09-4694-870d-c189d1bed22f	7b665859-3e5f-4c15-9577-088e8da75977	Mie Kuah	2	12000.00	24000.00	Pedas, Bungkus
5a6570a2-f42c-4e93-886a-908659960eee	c59b0873-3c09-4694-870d-c189d1bed22f	65f3a54f-f6e6-4a68-8944-f8ae17679609	Mie Goreng	1	12000.00	12000.00	Pedas, Bungkus
fa382414-e229-4727-9aeb-c1ac914d3079	c59b0873-3c09-4694-870d-c189d1bed22f	d952ef9d-c5a4-4c5b-af88-0264be713100	Nasi Goreng	1	12000.00	12000.00	Pedas, Bungkus
efc48703-2806-4ff0-a77e-0512a89c7417	e246bb29-f980-47be-9edb-9c470dcd2522	d952ef9d-c5a4-4c5b-af88-0264be713100	Nasi Goreng	3	12000.00	36000.00	\N
9a1d8605-a173-4efa-91d5-0a1030e7cf0f	e246bb29-f980-47be-9edb-9c470dcd2522	65f3a54f-f6e6-4a68-8944-f8ae17679609	Mie Goreng	1	12000.00	12000.00	\N
8893c65b-a6aa-4c34-952e-cb72f20cf04d	e246bb29-f980-47be-9edb-9c470dcd2522	ab451486-becf-49bf-bcba-7152c369caf0	Es Strup	4	4000.00	16000.00	\N
62344e4a-4c43-485c-9231-3df1e2079a2b	2d0c841c-3a45-4f4c-899f-ad04541e79e6	d952ef9d-c5a4-4c5b-af88-0264be713100	Nasi Goreng	1	12000.00	12000.00	Sedang, Bungkus
7b9a21ec-3438-477a-8e75-60d985c4acb0	b0720f6f-df6f-404f-81ae-6ccdde2c3367	7b665859-3e5f-4c15-9577-088e8da75977	Mie Kuah	1	12000.00	12000.00	Pedas Banget, Bungkus
dd395e29-49d2-43b7-bc3b-5aa07de5f4c7	b0720f6f-df6f-404f-81ae-6ccdde2c3367	3e867b42-3522-4bf5-b296-3d7b80517d3b	Telur	1	3000.00	3000.00	\N
9e71c394-243d-4549-95a6-5eb08e87778e	b0720f6f-df6f-404f-81ae-6ccdde2c3367	ae35a958-9393-4359-a40c-0bc869b26331	Krupuk	1	1000.00	1000.00	\N
a4c8eac1-872b-4c10-b2e2-2b5d25bc651b	c6e7b060-b532-41ff-a710-64e28834af71	e5ee3b78-1bdb-4eb9-ac68-40c181ad80ad	Nasi Mawut	2	12000.00	24000.00	Pedas, Bungkus
bfde0561-2706-4662-9e41-bda9720171d8	c6e7b060-b532-41ff-a710-64e28834af71	65f3a54f-f6e6-4a68-8944-f8ae17679609	Mie Goreng	1	12000.00	12000.00	Pedas, Bungkus
9e81c35e-cedd-42c4-a3be-ae8299fd0a81	73ff676f-cf5f-4084-87c5-1e729af2d52e	e5ee3b78-1bdb-4eb9-ac68-40c181ad80ad	Nasi Mawut	3	12000.00	36000.00	Pedas
af6db2a2-f08e-4c66-b5d9-aa8c8ffd5e3b	73ff676f-cf5f-4084-87c5-1e729af2d52e	7097335c-d2eb-4cc8-8a47-a1ec0f6b6bd6	Es Teh	1	4000.00	4000.00	\N
7349114c-a066-45c9-ae96-41c9e2f437db	73ff676f-cf5f-4084-87c5-1e729af2d52e	df44f68f-eecc-4bb7-bc64-a268606541bf	Teh Hangat	2	4000.00	8000.00	\N
0f1f7694-2e28-4765-8741-c8d2a6ed6a53	8ec8ee5a-5456-42c5-9b3e-ce8ef17b2d6f	d952ef9d-c5a4-4c5b-af88-0264be713100	Nasi Goreng	1	12000.00	12000.00	Pedas
97d0183c-8e85-405d-a557-d47e3592f54d	8ec8ee5a-5456-42c5-9b3e-ce8ef17b2d6f	e5ee3b78-1bdb-4eb9-ac68-40c181ad80ad	Nasi Mawut	1	12000.00	12000.00	Pedas
6d9a4379-962d-44ec-b8c2-971f8bbd06a2	8ec8ee5a-5456-42c5-9b3e-ce8ef17b2d6f	df44f68f-eecc-4bb7-bc64-a268606541bf	Teh Hangat	1	4000.00	4000.00	\N
6072d966-e236-4e3f-b1ba-58cfaff330e8	8ec8ee5a-5456-42c5-9b3e-ce8ef17b2d6f	7097335c-d2eb-4cc8-8a47-a1ec0f6b6bd6	Es Teh	1	4000.00	4000.00	\N
c304cff4-3ddc-42ab-9cde-2ef10f7cb070	8ec8ee5a-5456-42c5-9b3e-ce8ef17b2d6f	ae35a958-9393-4359-a40c-0bc869b26331	Krupuk	2	1000.00	2000.00	\N
6707840e-2bec-4f39-9141-4f083c9f862e	ec2d3aa2-dc76-49ab-b4ca-eda19b4c9b57	d952ef9d-c5a4-4c5b-af88-0264be713100	Nasi Goreng	1	12000.00	12000.00	Tidak Pedas, Bungkus
96002315-4805-4341-80c1-ea3809fd733f	cf23f75e-b367-4710-9c3e-1d18c48e88b1	37d09618-d64e-4f43-9cdd-831d73d37df0	Mie Nyemek	1	12000.00	12000.00	Pedas
785d1bbb-4289-4eb7-bfb5-08f354e62c4b	cf23f75e-b367-4710-9c3e-1d18c48e88b1	b4ecf77f-2700-4251-aaab-b2e5b6d43a43	Sop Sayur	1	12000.00	12000.00	Sedang, Kuah Banyak
b9a95e79-35e3-4c60-a9d0-683d88ea7b18	cf23f75e-b367-4710-9c3e-1d18c48e88b1	df44f68f-eecc-4bb7-bc64-a268606541bf	Teh Hangat	2	4000.00	8000.00	\N
80fd773f-317b-4d8f-8987-c19538eba849	cf23f75e-b367-4710-9c3e-1d18c48e88b1	3e867b42-3522-4bf5-b296-3d7b80517d3b	Telur	2	3000.00	6000.00	\N
1ac1dbd5-8b12-427e-aea3-8e6a5861501d	10b8a4ef-ae92-4a24-b887-b8496ea623f1	b4ecf77f-2700-4251-aaab-b2e5b6d43a43	Sop Sayur	1	12000.00	12000.00	Pedas Banget, Kuah Banyak, Kecap Extra
faefa93e-34eb-432f-aa19-b64f8f984afd	9d8b673d-8c5b-40e9-a779-0fe4a998aa9b	37d09618-d64e-4f43-9cdd-831d73d37df0	Mie Nyemek	1	12000.00	12000.00	Pedas
ac205f36-26d2-41f8-9fc4-df82f1ec5220	9d8b673d-8c5b-40e9-a779-0fe4a998aa9b	b4ecf77f-2700-4251-aaab-b2e5b6d43a43	Sop Sayur	1	12000.00	12000.00	Pedas Banget, Kuah Banyak
b2d6c298-8d1c-4511-ab5b-90b7b0bd89e4	9d8b673d-8c5b-40e9-a779-0fe4a998aa9b	0defbad8-d841-4e95-a811-9355271951a0	Es Jeruk	1	4000.00	4000.00	\N
37313223-35e9-449f-8715-53c66fc041b3	9d8b673d-8c5b-40e9-a779-0fe4a998aa9b	ab451486-becf-49bf-bcba-7152c369caf0	Es Strup	1	4000.00	4000.00	\N
12771ae0-a0a2-4ba9-b81f-f498f0ad9bd9	fe12a466-c31d-4fcb-880d-166d319d2a37	d952ef9d-c5a4-4c5b-af88-0264be713100	Nasi Goreng	2	12000.00	24000.00	Pedas
0c0ed408-629a-439f-98ed-01a8785b0d94	fe12a466-c31d-4fcb-880d-166d319d2a37	7097335c-d2eb-4cc8-8a47-a1ec0f6b6bd6	Es Teh	2	4000.00	8000.00	\N
39d489f7-c242-4ab6-9b02-f107b6f384e0	fe12a466-c31d-4fcb-880d-166d319d2a37	ab451486-becf-49bf-bcba-7152c369caf0	Es Strup	1	4000.00	4000.00	\N
2a22755a-9ed8-4ae7-8194-92d9c98810e5	fe12a466-c31d-4fcb-880d-166d319d2a37	3e867b42-3522-4bf5-b296-3d7b80517d3b	Telur	2	3000.00	6000.00	\N
003f64d4-d36d-4686-9136-e6201daf8b73	fe12a466-c31d-4fcb-880d-166d319d2a37	ae35a958-9393-4359-a40c-0bc869b26331	Krupuk	3	1000.00	3000.00	\N
b46bd52c-2278-4e8d-940d-5560f8795fff	68a3836f-116c-4b77-8d27-7d4a368c1a9e	65f3a54f-f6e6-4a68-8944-f8ae17679609	Mie Goreng	4	12000.00	48000.00	Pedas, Bungkus
48554158-9152-4733-882b-11be43017f25	312f7e00-87d1-4429-a226-3c009f04383d	d952ef9d-c5a4-4c5b-af88-0264be713100	Nasi Goreng	3	12000.00	36000.00	\N
3443398f-3cb2-415e-a0df-4f40ebeae72a	312f7e00-87d1-4429-a226-3c009f04383d	ae35a958-9393-4359-a40c-0bc869b26331	Krupuk	3	1000.00	3000.00	\N
be42e2b7-27d0-48c8-9d2b-1fe5b8a57d7d	f910617f-d12f-4e3b-9cae-28ade685e73a	ab451486-becf-49bf-bcba-7152c369caf0	Es Strup	1	4000.00	4000.00	\N
d455aa96-a857-42ad-b521-7f38b8693c6b	f910617f-d12f-4e3b-9cae-28ade685e73a	e5ee3b78-1bdb-4eb9-ac68-40c181ad80ad	Nasi Mawut	2	12000.00	24000.00	Tidak Pedas, Bungkus
fdde38d2-e2e7-437b-b046-08a21ae38a21	f910617f-d12f-4e3b-9cae-28ade685e73a	37d09618-d64e-4f43-9cdd-831d73d37df0	Mie Nyemek	1	12000.00	12000.00	Pedas Banget, Bungkus
dbadb8a2-6f44-42c5-a67c-048de557f6b4	f34619fb-17a7-4fb6-b091-55c7761299ec	d952ef9d-c5a4-4c5b-af88-0264be713100	Nasi Goreng	2	12000.00	24000.00	Pedas, Bungkus
e81df748-acd0-41bb-a40a-4815e5f2f573	f34619fb-17a7-4fb6-b091-55c7761299ec	37d09618-d64e-4f43-9cdd-831d73d37df0	Mie Nyemek	3	12000.00	36000.00	Sedang, Bungkus
e0365bbd-f63a-4bf0-911b-ebb69c29be90	f34619fb-17a7-4fb6-b091-55c7761299ec	ae35a958-9393-4359-a40c-0bc869b26331	Krupuk	5	1000.00	5000.00	\N
093d9719-70b1-4dd0-9511-49aa6474410a	5e8f8e1e-990d-4dca-9dbc-64aab7a35256	d952ef9d-c5a4-4c5b-af88-0264be713100	Nasi Goreng	3	12000.00	36000.00	Pedas, Bungkus
78cca333-c080-4e6f-a697-64a3b37aa14d	3fad14ed-d411-4ea3-89b3-068296dab950	7b665859-3e5f-4c15-9577-088e8da75977	Mie Kuah	2	12000.00	24000.00	Tidak Pedas, Kuah Banyak
4fe7da2a-291d-4599-85ad-2070a6a8f418	3fad14ed-d411-4ea3-89b3-068296dab950	65f3a54f-f6e6-4a68-8944-f8ae17679609	Mie Goreng	1	12000.00	12000.00	Pedas Banget
f05b90fa-a99d-4207-8e39-6d734bebf89a	3fad14ed-d411-4ea3-89b3-068296dab950	0defbad8-d841-4e95-a811-9355271951a0	Es Jeruk	2	4000.00	8000.00	\N
82a8275a-7ebd-4c15-aefa-f7e61f9cb10f	3fad14ed-d411-4ea3-89b3-068296dab950	7097335c-d2eb-4cc8-8a47-a1ec0f6b6bd6	Es Teh	1	4000.00	4000.00	\N
14af88b3-9bb1-4997-8703-34f457d4b004	3fad14ed-d411-4ea3-89b3-068296dab950	ae35a958-9393-4359-a40c-0bc869b26331	Krupuk	2	1000.00	2000.00	\N
d41de8c9-ba32-4ffa-b178-9ded56599137	3fad14ed-d411-4ea3-89b3-068296dab950	ac33d84e-d717-4aac-87aa-a42b2f13b765	Aqua	1	1000.00	1000.00	\N
7b21946f-e6e0-439c-9b64-43f0019995e3	09420d50-ddd1-478f-8b41-34363633c00e	d952ef9d-c5a4-4c5b-af88-0264be713100	Nasi Goreng	1	12000.00	12000.00	Sedang, Bungkus
eddfb198-7d3b-441e-ac0d-ed47c756d5de	4540e7d0-392d-44f8-abab-076fd8bada1a	e5ee3b78-1bdb-4eb9-ac68-40c181ad80ad	Nasi Mawut	2	12000.00	24000.00	Pedas
8dafbefc-08d8-404d-b8c0-000a42274e22	4540e7d0-392d-44f8-abab-076fd8bada1a	65f3a54f-f6e6-4a68-8944-f8ae17679609	Mie Goreng	1	12000.00	12000.00	Tidak Pedas
6e4ce2ad-251e-4d8e-8a71-d332e5a3fdc3	4540e7d0-392d-44f8-abab-076fd8bada1a	2201befb-d03b-432b-8faf-83f442b7d3b2	Jeruk Hangat	1	4000.00	4000.00	\N
8d0146e5-33c8-485f-bc13-1981e746ce69	4540e7d0-392d-44f8-abab-076fd8bada1a	3e867b42-3522-4bf5-b296-3d7b80517d3b	Telur	3	3000.00	9000.00	\N
b78aeab9-d778-48f1-92b1-0f0975093787	4540e7d0-392d-44f8-abab-076fd8bada1a	ae35a958-9393-4359-a40c-0bc869b26331	Krupuk	4	1000.00	4000.00	\N
1bdec37e-b155-4d55-8af8-2ca30112502d	dfb398b1-b938-4cad-b83c-56b44bf5513c	37d09618-d64e-4f43-9cdd-831d73d37df0	Mie Nyemek	2	12000.00	24000.00	Pedas
13d64d95-5e0d-4aa9-9a49-1830016cf63f	dfb398b1-b938-4cad-b83c-56b44bf5513c	2201befb-d03b-432b-8faf-83f442b7d3b2	Jeruk Hangat	1	4000.00	4000.00	\N
788df7e6-69f2-4bbe-b926-fc0a63677919	dfb398b1-b938-4cad-b83c-56b44bf5513c	ae35a958-9393-4359-a40c-0bc869b26331	Krupuk	2	1000.00	2000.00	\N
13230fc9-42a6-4e00-ae61-454bfae71d94	dfb398b1-b938-4cad-b83c-56b44bf5513c	3e867b42-3522-4bf5-b296-3d7b80517d3b	Telur	2	3000.00	6000.00	\N
4cb7c411-dcd4-424d-997d-7e90f4d8dcf1	171221d9-2aca-4af5-bdb8-a60739d05c86	65f3a54f-f6e6-4a68-8944-f8ae17679609	Mie Goreng	5	12000.00	60000.00	Sedang, Bungkus
185fa3f9-360a-4e96-8cab-615a3b4a1057	0dff1f3f-8e25-4443-ac84-a7f5cbad1f8f	d952ef9d-c5a4-4c5b-af88-0264be713100	Nasi Goreng	4	12000.00	48000.00	Pedas, Bungkus
64978b55-4833-4fe0-97d7-61fe551adfd0	0dff1f3f-8e25-4443-ac84-a7f5cbad1f8f	65f3a54f-f6e6-4a68-8944-f8ae17679609	Mie Goreng	3	12000.00	36000.00	Sedang, Bungkus
9cfea052-bdb9-43c5-97e6-b782a92119d7	aad53307-73a2-481c-b843-7da452a3cdd5	e5ee3b78-1bdb-4eb9-ac68-40c181ad80ad	Nasi Mawut	1	12000.00	12000.00	Sedang
3b64c0ca-07ca-483a-8e74-43746ef4ff4a	dd131cd3-1ba3-40dd-9ddd-fe269a30d0f5	37d09618-d64e-4f43-9cdd-831d73d37df0	Mie Nyemek	4	12000.00	48000.00	\N
80d5d58f-41b4-4981-bbd5-9c011993b40d	dd131cd3-1ba3-40dd-9ddd-fe269a30d0f5	d952ef9d-c5a4-4c5b-af88-0264be713100	Nasi Goreng	2	12000.00	24000.00	\N
11a86c20-2141-46b0-99fa-9d0d1a9b77f3	da761263-65c1-4bc9-bde6-7ff52d6504f2	37d09618-d64e-4f43-9cdd-831d73d37df0	Mie Nyemek	2	12000.00	24000.00	Pedas, Bungkus
02b58555-51d7-437b-b4fa-fdfe740441f9	6d48623f-fa60-48a7-8c34-296a8b45fcd1	7b665859-3e5f-4c15-9577-088e8da75977	Mie Kuah	1	12000.00	12000.00	Sedang, Kuah Banyak
dea0f1d9-ddc8-442a-867d-393ab8e5b683	51b90bed-55d1-4f59-9c8d-34dd87314bdb	b4ecf77f-2700-4251-aaab-b2e5b6d43a43	Sop Sayur	2	12000.00	24000.00	\N
c792e864-0900-449b-87fe-38e133543265	51b90bed-55d1-4f59-9c8d-34dd87314bdb	ac33d84e-d717-4aac-87aa-a42b2f13b765	Aqua	2	1000.00	2000.00	\N
ba0d59dc-da52-44c2-b24f-2b6800768a35	51b90bed-55d1-4f59-9c8d-34dd87314bdb	ae35a958-9393-4359-a40c-0bc869b26331	Krupuk	3	1000.00	3000.00	\N
16df4890-1d7b-4c0d-87b7-aeae53c96ad5	51b90bed-55d1-4f59-9c8d-34dd87314bdb	3e867b42-3522-4bf5-b296-3d7b80517d3b	Telur	2	3000.00	6000.00	\N
28b961e5-d344-4664-a63f-1f127e3927ec	dc3ce18d-59de-4c2f-8341-0d6d376733a9	d952ef9d-c5a4-4c5b-af88-0264be713100	Nasi Goreng	1	12000.00	12000.00	Pedas
90a67e16-fb1b-4123-b469-b1781a76dea4	dc3ce18d-59de-4c2f-8341-0d6d376733a9	e5ee3b78-1bdb-4eb9-ac68-40c181ad80ad	Nasi Mawut	1	12000.00	12000.00	Sedang
537927a1-0c70-446d-b008-0c7ea56b16c9	dc3ce18d-59de-4c2f-8341-0d6d376733a9	ab451486-becf-49bf-bcba-7152c369caf0	Es Strup	2	4000.00	8000.00	\N
f72ccb39-28d0-4e93-ad84-86dc5c3fffa4	dc3ce18d-59de-4c2f-8341-0d6d376733a9	ae35a958-9393-4359-a40c-0bc869b26331	Krupuk	4	1000.00	4000.00	\N
5b6bf5b2-4744-47c7-85d3-d8bb680e2c94	dc3ce18d-59de-4c2f-8341-0d6d376733a9	3e867b42-3522-4bf5-b296-3d7b80517d3b	Telur	2	3000.00	6000.00	\N
ad429052-5312-484a-9a66-8e70cd0c14e9	41670df8-7d4a-4c3f-ad5a-98e176b7cb78	37d09618-d64e-4f43-9cdd-831d73d37df0	Mie Nyemek	1	12000.00	12000.00	Pedas, Bungkus
6c4c2753-2942-43cc-a189-d76149f88e69	41670df8-7d4a-4c3f-ad5a-98e176b7cb78	e5ee3b78-1bdb-4eb9-ac68-40c181ad80ad	Nasi Mawut	1	12000.00	12000.00	Pedas, Bungkus
b44d59d1-a570-40cc-8462-46e79485960c	a7bfa3c4-4a6a-409d-b335-f2424f9d27c0	e5ee3b78-1bdb-4eb9-ac68-40c181ad80ad	Nasi Mawut	2	12000.00	24000.00	Pedas, Bungkus
a5d0b8ea-9c9b-4a7b-9c71-9b895f840f12	a7bfa3c4-4a6a-409d-b335-f2424f9d27c0	65f3a54f-f6e6-4a68-8944-f8ae17679609	Mie Goreng	1	12000.00	12000.00	Pedas, Bungkus
7bcc8f3c-99c5-4ceb-b5ae-81ca20a9272b	a7bfa3c4-4a6a-409d-b335-f2424f9d27c0	d952ef9d-c5a4-4c5b-af88-0264be713100	Nasi Goreng	3	12000.00	36000.00	Sedang, Bungkus
5ae2998e-33e2-4b0e-805e-41df457afc14	957f8e5b-9de9-4853-b5a5-36acc3891f84	b4ecf77f-2700-4251-aaab-b2e5b6d43a43	Sop Sayur	2	12000.00	24000.00	Pedas, Kuah Banyak
8aa30596-d488-4cac-b024-bb4962d67a45	7f716687-d992-4d9b-9218-36ee1348d6b7	d952ef9d-c5a4-4c5b-af88-0264be713100	Nasi Goreng	2	12000.00	24000.00	Tidak Pedas, Bungkus
566fda73-067a-447a-a482-c5879736dd5d	7f716687-d992-4d9b-9218-36ee1348d6b7	37d09618-d64e-4f43-9cdd-831d73d37df0	Mie Nyemek	1	12000.00	12000.00	Tidak Pedas, Bungkus
c79336d3-ec09-48e1-b599-8275f0932178	7d6d5f0c-c26a-4276-b436-0d46882880a2	d952ef9d-c5a4-4c5b-af88-0264be713100	Nasi Goreng	2	12000.00	24000.00	Tidak Pedas
cdac7b90-700c-4f1f-9e44-18193169d457	7d6d5f0c-c26a-4276-b436-0d46882880a2	7b665859-3e5f-4c15-9577-088e8da75977	Mie Kuah	1	12000.00	12000.00	Tidak Pedas
78bbb12c-ea17-4023-86b2-074610a173d6	7d6d5f0c-c26a-4276-b436-0d46882880a2	65f3a54f-f6e6-4a68-8944-f8ae17679609	Mie Goreng	1	12000.00	12000.00	Pedas Banget
f0109e7e-0a42-45fd-aec6-9da6ee092614	7d6d5f0c-c26a-4276-b436-0d46882880a2	ab451486-becf-49bf-bcba-7152c369caf0	Es Strup	4	4000.00	16000.00	\N
462664be-7425-4aab-bd18-a9ab762c3da6	7d6d5f0c-c26a-4276-b436-0d46882880a2	3e867b42-3522-4bf5-b296-3d7b80517d3b	Telur	2	3000.00	6000.00	\N
c0b63887-7c5f-45c7-abc4-d8bc3908a049	7d6d5f0c-c26a-4276-b436-0d46882880a2	ae35a958-9393-4359-a40c-0bc869b26331	Krupuk	5	1000.00	5000.00	\N
496200f8-2e2a-4813-bcc2-aaddc9863006	ce4ee541-3d7c-459b-a70c-a75e01fa7d48	d952ef9d-c5a4-4c5b-af88-0264be713100	Nasi Goreng	3	12000.00	36000.00	Pedas, Bungkus
05e22d53-a3c4-4beb-844d-369a0544b1b4	ce4ee541-3d7c-459b-a70c-a75e01fa7d48	3e867b42-3522-4bf5-b296-3d7b80517d3b	Telur	3	3000.00	9000.00	\N
449d2e2c-721a-4074-ac56-9afd224cac3e	8450e605-9001-472b-84b7-905f18bbcf18	65f3a54f-f6e6-4a68-8944-f8ae17679609	Mie Goreng	3	12000.00	36000.00	Pedas, Bungkus
39997b02-3450-41a6-9460-2fdb9728552b	8450e605-9001-472b-84b7-905f18bbcf18	e5ee3b78-1bdb-4eb9-ac68-40c181ad80ad	Nasi Mawut	2	12000.00	24000.00	Sedang, Bungkus
4883c165-ddc6-4db6-add6-c6839263d07b	f37c4d3b-ff3a-47aa-a117-ddd002b800b2	b4ecf77f-2700-4251-aaab-b2e5b6d43a43	Sop Sayur	1	12000.00	12000.00	Pedas, Kuah Banyak
f642149d-a698-4386-b861-36b072126056	f37c4d3b-ff3a-47aa-a117-ddd002b800b2	d952ef9d-c5a4-4c5b-af88-0264be713100	Nasi Goreng	2	12000.00	24000.00	Pedas
c9da0e9b-b4ca-4707-812d-d52120a3b44a	f37c4d3b-ff3a-47aa-a117-ddd002b800b2	ab451486-becf-49bf-bcba-7152c369caf0	Es Strup	2	4000.00	8000.00	\N
021b20cf-f8b5-40c3-b7b3-16c77394bb4e	f37c4d3b-ff3a-47aa-a117-ddd002b800b2	3e867b42-3522-4bf5-b296-3d7b80517d3b	Telur	1	3000.00	3000.00	\N
3e30adf3-a3fe-4cfd-b583-43972c87fb15	f37c4d3b-ff3a-47aa-a117-ddd002b800b2	ae35a958-9393-4359-a40c-0bc869b26331	Krupuk	3	1000.00	3000.00	\N
a75a864f-790a-47bc-9424-e7b46003f4d9	97a67d1d-061b-4967-bc02-69e1edbaae23	e5ee3b78-1bdb-4eb9-ac68-40c181ad80ad	Nasi Mawut	7	12000.00	84000.00	Sedang, Bungkus
e265770e-a62e-4054-89f1-74ca7ad6af71	8f7c5c87-a55b-45ef-b187-60429e47317e	d952ef9d-c5a4-4c5b-af88-0264be713100	Nasi Goreng	2	12000.00	24000.00	Pedas, Bungkus
30259ed7-65ab-4ae8-a118-c7de26f5120e	8f7c5c87-a55b-45ef-b187-60429e47317e	65f3a54f-f6e6-4a68-8944-f8ae17679609	Mie Goreng	2	12000.00	24000.00	Sedang, Bungkus
4fd4563e-1431-489f-9195-2c7c847c35d6	30f7105e-a67c-427b-8aab-2a72cff2157d	7b665859-3e5f-4c15-9577-088e8da75977	Mie Kuah	1	12000.00	12000.00	Tidak Pedas
583d1102-aa66-4609-82a9-d3e237e83aa3	30f7105e-a67c-427b-8aab-2a72cff2157d	d952ef9d-c5a4-4c5b-af88-0264be713100	Nasi Goreng	2	12000.00	24000.00	Pedas
45e6aaa7-7fee-4e62-97c6-16f556f85c11	30f7105e-a67c-427b-8aab-2a72cff2157d	ab451486-becf-49bf-bcba-7152c369caf0	Es Strup	2	4000.00	8000.00	\N
38b03c6e-1104-4fc6-bd9b-733e195b724c	30f7105e-a67c-427b-8aab-2a72cff2157d	7097335c-d2eb-4cc8-8a47-a1ec0f6b6bd6	Es Teh	1	4000.00	4000.00	\N
43d4da54-852a-4944-a63a-08c921998c5e	30f7105e-a67c-427b-8aab-2a72cff2157d	ae35a958-9393-4359-a40c-0bc869b26331	Krupuk	3	1000.00	3000.00	\N
3e40fec2-8fd5-4e46-a3e2-abd0e79dcbbf	30f7105e-a67c-427b-8aab-2a72cff2157d	3e867b42-3522-4bf5-b296-3d7b80517d3b	Telur	3	3000.00	9000.00	\N
dc3b663f-8c26-4b8f-8c29-c605a3c75ffc	c19e9580-0f0f-4ccb-8caa-01f66047e607	65f3a54f-f6e6-4a68-8944-f8ae17679609	Mie Goreng	3	12000.00	36000.00	Pedas, Bungkus
f9442ac8-0242-4bbb-a7b4-8356dc4294e9	62af9936-61ff-4fe9-8f51-43479e15041c	d952ef9d-c5a4-4c5b-af88-0264be713100	Nasi Goreng	2	12000.00	24000.00	Pedas, Bungkus
0699f587-4438-43cd-9476-babb47976bb8	62af9936-61ff-4fe9-8f51-43479e15041c	e5ee3b78-1bdb-4eb9-ac68-40c181ad80ad	Nasi Mawut	2	12000.00	24000.00	\N
29c41317-76e3-45c1-9c3a-5c8eb7d50819	c155abad-32dd-43d9-b005-6438fdc9bb9f	65f3a54f-f6e6-4a68-8944-f8ae17679609	Mie Goreng	1	12000.00	12000.00	Pedas, Bungkus
92506496-69dd-46dc-a74e-9e16c7ffcbe7	c155abad-32dd-43d9-b005-6438fdc9bb9f	d952ef9d-c5a4-4c5b-af88-0264be713100	Nasi Goreng	2	12000.00	24000.00	Pedas Banget, Bungkus
57f189d1-edfe-4093-9221-51743d937786	c155abad-32dd-43d9-b005-6438fdc9bb9f	3e867b42-3522-4bf5-b296-3d7b80517d3b	Telur	3	3000.00	9000.00	\N
8ec03a46-0a66-4fd5-bf04-4141c7ebe146	d3c9316c-85e8-4419-b569-0f322608a219	65f3a54f-f6e6-4a68-8944-f8ae17679609	Mie Goreng	2	12000.00	24000.00	Sedang
18eba698-7932-4813-9ce4-39da783c461d	d3c9316c-85e8-4419-b569-0f322608a219	ab451486-becf-49bf-bcba-7152c369caf0	Es Strup	2	4000.00	8000.00	\N
0f6c1a38-fa06-41c7-a955-5827a198ff48	d3c9316c-85e8-4419-b569-0f322608a219	ae35a958-9393-4359-a40c-0bc869b26331	Krupuk	2	1000.00	2000.00	\N
17df163e-e7c1-4a72-8a03-2135e12f6b1d	d3c9316c-85e8-4419-b569-0f322608a219	3e867b42-3522-4bf5-b296-3d7b80517d3b	Telur	1	3000.00	3000.00	\N
07a3d937-45e3-4f5e-9339-7d5d7f2580eb	6c3ed4aa-da02-41f5-b6be-766e13aa8161	7b665859-3e5f-4c15-9577-088e8da75977	Mie Kuah	1	12000.00	12000.00	Pedas Banget, Kuah Banyak
3405ae82-8e71-4768-a1ac-4600f5cdc56f	6c3ed4aa-da02-41f5-b6be-766e13aa8161	ab451486-becf-49bf-bcba-7152c369caf0	Es Strup	1	4000.00	4000.00	\N
0c506952-5f7c-4ef6-b9f7-2d1fd5ced1af	6c3ed4aa-da02-41f5-b6be-766e13aa8161	3e867b42-3522-4bf5-b296-3d7b80517d3b	Telur	1	3000.00	3000.00	\N
23d23fca-8320-4626-9a62-447320f72565	6c3ed4aa-da02-41f5-b6be-766e13aa8161	ae35a958-9393-4359-a40c-0bc869b26331	Krupuk	1	1000.00	1000.00	\N
705a39f2-a56c-470f-805e-f0356c53be91	34a760a2-b1e3-4319-99c0-0a73a4bc066d	d952ef9d-c5a4-4c5b-af88-0264be713100	Nasi Goreng	4	12000.00	48000.00	Pedas, Bungkus
e1d2a382-4126-4b51-a096-7b73a4858ab0	cfe6379d-e316-4090-8296-f3bffc2e6a15	e5ee3b78-1bdb-4eb9-ac68-40c181ad80ad	Nasi Mawut	2	12000.00	24000.00	Pedas, Bungkus
080e14e4-2d61-466b-821f-973d689ea2f2	cfe6379d-e316-4090-8296-f3bffc2e6a15	65f3a54f-f6e6-4a68-8944-f8ae17679609	Mie Goreng	2	12000.00	24000.00	Pedas, Bungkus
6bfdc623-f3ab-4df9-b097-f858c3d3ff89	d6984f05-d3a4-470e-81b6-2d5d90c11a27	e5ee3b78-1bdb-4eb9-ac68-40c181ad80ad	Nasi Mawut	1	12000.00	12000.00	Tidak Pedas, Bungkus
fa0f519e-7d51-4252-984f-cc28ed876a29	fcaccf9a-ac0b-48b3-a715-600854ee7402	65f3a54f-f6e6-4a68-8944-f8ae17679609	Mie Goreng	1	12000.00	12000.00	Pedas, Bungkus
64d56588-81f1-4cb1-b4f8-eafe8a7e330b	6a416f76-c0b0-4b62-9d47-ce65f9ba5aa7	d952ef9d-c5a4-4c5b-af88-0264be713100	Nasi Goreng	1	12000.00	12000.00	Pedas, Bungkus
b8b60b4a-f091-45cc-bb3c-a1e95eeb59ae	3a192ce6-9cbc-4a0d-b148-5df964e59e68	65f3a54f-f6e6-4a68-8944-f8ae17679609	Mie Goreng	1	12000.00	12000.00	Sedang, Bungkus
ec4664be-ba5f-4b9f-8d34-b56f6cc053a5	3a192ce6-9cbc-4a0d-b148-5df964e59e68	37d09618-d64e-4f43-9cdd-831d73d37df0	Mie Nyemek	1	12000.00	12000.00	Pedas, Bungkus
e252ae30-9c07-49aa-a719-b1141237b07c	88c2af61-879a-4e71-8140-5633cb87b080	d952ef9d-c5a4-4c5b-af88-0264be713100	Nasi Goreng	2	12000.00	24000.00	Sedang, Bungkus
6077d676-ece2-48e4-b5fe-6ec310ec4af7	88c2af61-879a-4e71-8140-5633cb87b080	65f3a54f-f6e6-4a68-8944-f8ae17679609	Mie Goreng	2	12000.00	24000.00	Pedas, Bungkus
942676c2-5d87-4758-aead-1b7d3f182a00	87dfb6a4-1e11-42e0-88d7-43ecbb89dc58	e5ee3b78-1bdb-4eb9-ac68-40c181ad80ad	Nasi Mawut	2	12000.00	24000.00	Pedas, Bungkus
486e6ce2-b48f-4e12-a48e-2c4d2ea84aea	22f50788-90d5-44db-a15d-2281e986606d	d952ef9d-c5a4-4c5b-af88-0264be713100	Nasi Goreng	3	12000.00	36000.00	Tidak Pedas, Bungkus
c96d52d2-2883-4220-9757-a4983a0039d0	22f50788-90d5-44db-a15d-2281e986606d	e5ee3b78-1bdb-4eb9-ac68-40c181ad80ad	Nasi Mawut	7	12000.00	84000.00	Sedang, Bungkus
63e9f01b-4ef6-4bdc-926e-f6b2541fbf32	22f50788-90d5-44db-a15d-2281e986606d	b4ecf77f-2700-4251-aaab-b2e5b6d43a43	Sop Sayur	2	12000.00	24000.00	Sedang, Bungkus
3be2f5f8-a2cf-4215-b003-d8da53651649	22f50788-90d5-44db-a15d-2281e986606d	ae35a958-9393-4359-a40c-0bc869b26331	Krupuk	9	1000.00	9000.00	\N
6e9b1115-5b4c-4764-b010-8c1977da1614	22f50788-90d5-44db-a15d-2281e986606d	3e867b42-3522-4bf5-b296-3d7b80517d3b	Telur	2	3000.00	6000.00	\N
4f37eea4-ca7c-4ab3-9d24-79289e60cd57	c471609d-1bc3-42e6-b309-33605c0caa28	ab451486-becf-49bf-bcba-7152c369caf0	Es Strup	1	4000.00	4000.00	\N
5098813c-02f5-4db2-80f4-798631f781bd	c471609d-1bc3-42e6-b309-33605c0caa28	e5ee3b78-1bdb-4eb9-ac68-40c181ad80ad	Nasi Mawut	1	12000.00	12000.00	Pedas
0993b02c-5e90-4a92-af19-754c41d467d3	c471609d-1bc3-42e6-b309-33605c0caa28	ae35a958-9393-4359-a40c-0bc869b26331	Krupuk	1	1000.00	1000.00	\N
016f349f-6a59-40f7-84ee-6ef8f6ec54a2	3a452cd6-7f5d-4969-a28a-64f1bb8b9cca	e5ee3b78-1bdb-4eb9-ac68-40c181ad80ad	Nasi Mawut	2	12000.00	24000.00	Pedas, Bungkus
5842f01a-7b37-49df-9a91-8c12052fd327	3a452cd6-7f5d-4969-a28a-64f1bb8b9cca	6641fb46-c43c-43e2-be2b-49e96f15963b	Nasi Mie Godog	1	12000.00	12000.00	Pedas, Bungkus
27d04bea-ae4f-46a7-943d-b7228294fbd0	19680cec-ba76-4ab4-a56f-69b2afe78d0b	e5ee3b78-1bdb-4eb9-ac68-40c181ad80ad	Nasi Mawut	1	12000.00	12000.00	Pedas, Bungkus
cf60dc09-6591-4a48-9c2f-ef06c349d6ad	b546db7c-5600-4a00-a506-28a7b89faa09	e5ee3b78-1bdb-4eb9-ac68-40c181ad80ad	Nasi Mawut	5	12000.00	60000.00	Pedas, Bungkus
b0c6f02d-e357-4a17-9e02-d3df4b75bc65	a56cd017-03b8-49ad-b1ff-35d957f860a4	d952ef9d-c5a4-4c5b-af88-0264be713100	Nasi Goreng	3	12000.00	36000.00	Sedang, Bungkus
f56d9b8e-dda8-4d38-a08b-5131a8d56036	a56cd017-03b8-49ad-b1ff-35d957f860a4	65f3a54f-f6e6-4a68-8944-f8ae17679609	Mie Goreng	2	12000.00	24000.00	Sedang, Bungkus
bf59e386-5938-48a5-96d2-c411ce26699e	ba41c26c-a803-4914-be03-143ac34daa60	b4ecf77f-2700-4251-aaab-b2e5b6d43a43	Sop Sayur	2	12000.00	24000.00	Pedas, Kuah Banyak
4d0316ba-9544-42be-89dd-88dbdecff2f0	ba41c26c-a803-4914-be03-143ac34daa60	ab451486-becf-49bf-bcba-7152c369caf0	Es Strup	2	4000.00	8000.00	\N
47ebfd15-efc3-4b84-9ed1-828ca66076e0	ba41c26c-a803-4914-be03-143ac34daa60	3e867b42-3522-4bf5-b296-3d7b80517d3b	Telur	2	3000.00	6000.00	\N
ef064838-87b1-40cc-8b16-e8d9aef767ac	9308bb9c-ac36-417d-8523-19f88d934e82	65f3a54f-f6e6-4a68-8944-f8ae17679609	Mie Goreng	4	12000.00	48000.00	Pedas, Bungkus
1e74920a-653f-4ee2-bd55-6730f01ea3cd	65db3fca-ae9a-4cbd-9301-7751071016c9	37d09618-d64e-4f43-9cdd-831d73d37df0	Mie Nyemek	3	12000.00	36000.00	Pedas Banget, Kuah Sedikit
3fc2910d-e7a4-41d5-bca4-b41ab8925aec	01eac020-3f08-4e97-8291-520457364a22	7b665859-3e5f-4c15-9577-088e8da75977	Mie Kuah	1	12000.00	12000.00	Pedas Banget, Kuah Banyak
f90152be-53c0-4655-9dcc-ac01d66984c0	d5d85856-879c-4365-8b8c-924e433c851e	37d09618-d64e-4f43-9cdd-831d73d37df0	Mie Nyemek	1	12000.00	12000.00	Pedas, Bungkus
08cbd41d-ecba-486e-87fe-e7ae9098da10	f82ba65d-e504-4eb0-b7e7-02f18cdb33be	37d09618-d64e-4f43-9cdd-831d73d37df0	Mie Nyemek	1	12000.00	12000.00	\N
646d9d70-6b37-40a0-b835-e1f5a3dee273	f82ba65d-e504-4eb0-b7e7-02f18cdb33be	0defbad8-d841-4e95-a811-9355271951a0	Es Jeruk	1	4000.00	4000.00	\N
1a0ddd09-e2a3-4fdf-9c66-6926b9821b82	f82ba65d-e504-4eb0-b7e7-02f18cdb33be	3e867b42-3522-4bf5-b296-3d7b80517d3b	Telur	1	3000.00	3000.00	\N
\.


--
-- Name: Category_id_seq; Type: SEQUENCE SET; Schema: public; Owner: -
--

SELECT pg_catalog.setval('"public"."Category_id_seq"', 3, true);


--
-- PostgreSQL database dump complete
--

\unrestrict kTgtrYUetJ5aP469doe7QRfeYBtsTCiPfNNh2DDwlrSynAdl1y0OQvRrpvPbk88

